Player,Nation,Pos,Age,MP,Starts,Min,Gls,Ast,xG,xAG,xG+xAG,npxG,npxG+xAG,Team
Rodri,es ESP,MF,27.0,34,34,2931.0,8.0,9.0,4.1,3.9,0.24,4.1,8.0,Manchester-City
Phil Foden,eng ENG,"FW,MF",23.0,35,33,2857.0,19.0,8.0,10.3,8.4,0.59,10.3,18.7,Manchester-City
Ederson,br BRA,GK,29.0,33,33,2785.0,0.0,0.0,0.0,0.1,0.0,0.0,0.1,Manchester-City
Julián Álvarez,ar ARG,"MF,FW",23.0,36,31,2647.0,11.0,8.0,13.0,6.4,0.66,11.5,17.9,Manchester-City
Kyle Walker,eng ENG,DF,33.0,32,30,2767.0,0.0,4.0,0.4,2.6,0.1,0.4,3.0,Manchester-City
Bernardo Silva,pt POR,"MF,FW",28.0,33,29,2578.0,6.0,9.0,3.7,7.6,0.4,3.7,11.3,Manchester-City
Erling Haaland,no NOR,FW,23.0,31,29,2552.0,27.0,5.0,29.2,4.3,1.18,22.9,27.2,Manchester-City
Rúben Dias,pt POR,DF,26.0,30,28,2559.0,0.0,0.0,1.4,0.3,0.06,1.4,1.7,Manchester-City
Manuel Akanji,ch SUI,"DF,MF",28.0,30,28,2511.0,2.0,0.0,1.9,0.5,0.09,1.9,2.4,Manchester-City
Joško Gvardiol,hr CRO,DF,21.0,28,26,2328.0,4.0,1.0,3.1,1.4,0.18,3.1,4.5,Manchester-City
Nathan Aké,nl NED,DF,28.0,29,24,2042.0,2.0,2.0,2.5,1.2,0.16,2.5,3.7,Manchester-City
Jeremy Doku,be BEL,"FW,MF",21.0,29,18,1595.0,3.0,8.0,2.5,4.6,0.4,2.5,7.1,Manchester-City
Mateo Kovačić,hr CRO,MF,29.0,30,16,1551.0,1.0,0.0,1.3,1.6,0.17,1.3,2.9,Manchester-City
Kevin De Bruyne,be BEL,MF,32.0,18,15,1221.0,4.0,10.0,2.4,11.5,1.03,2.4,14.0,Manchester-City
John Stones,eng ENG,"DF,MF",29.0,16,12,1064.0,1.0,0.0,1.0,0.2,0.11,1.0,1.3,Manchester-City
Jack Grealish,eng ENG,"FW,MF",27.0,20,10,1009.0,3.0,1.0,2.1,2.5,0.41,2.1,4.6,Manchester-City
Rico Lewis,eng ENG,"DF,MF",18.0,16,8,809.0,2.0,0.0,0.6,1.1,0.19,0.6,1.8,Manchester-City
Matheus Nunes,pt POR,MF,24.0,17,7,661.0,0.0,2.0,0.8,1.1,0.27,0.8,2.0,Manchester-City
Stefan Ortega,de GER,GK,30.0,9,5,635.0,0.0,0.0,0.0,0.0,0.0,0.0,0.0,Manchester-City
Oscar Bobb,no NOR,"FW,MF",20.0,14,2,302.0,1.0,1.0,1.4,1.2,0.78,1.4,2.6,Manchester-City
Kalvin Phillips,eng ENG,MF,27.0,4,0,93.0,0.0,0.0,0.1,0.0,0.07,0.1,0.1,Manchester-City
Sergio Gómez,es ESP,"FW,MF",22.0,6,0,53.0,0.0,1.0,0.2,0.2,0.73,0.2,0.4,Manchester-City
Aymeric Laporte,es ESP,DF,29.0,1,0,12.0,0.0,0.0,0.0,0.0,0.27,0.0,0.0,Manchester-City
Cole Palmer,eng ENG,MF,21.0,1,0,11.0,0.0,0.0,0.0,0.0,0.0,0.0,0.0,Manchester-City
James Mcatee,eng ENG,MF,20.0,1,0,1.0,0.0,0.0,0.0,0.0,0.0,0.0,0.0,Manchester-City
Scott Carson,eng ENG,GK,37.0,0,0,,,,,,,,,Manchester-City
Micah Hamilton,eng ENG,MF,19.0,0,0,,,,,,,,,Manchester-City
Máximo Perrone,ar ARG,MF,20.0,0,0,,,,,,,,,Manchester-City
Mahamadou Susoho,es ESP,DF,18.0,0,0,,,,,,,,,Manchester-City
Jacob Wright,eng ENG,MF,17.0,0,0,,,,,,,,,Manchester-City
William Saliba,fr FRA,DF,22.0,38,38,3420.0,2.0,1.0,1.6,0.2,0.05,1.6,1.8,Arsenal
Declan Rice,eng ENG,MF,24.0,38,37,3225.0,7.0,8.0,3.3,5.3,0.24,3.3,8.6,Arsenal
Martin Ødegaard,no NOR,MF,24.0,35,35,3091.0,8.0,10.0,7.4,9.6,0.5,5.8,15.5,Arsenal
Ben White,eng ENG,DF,25.0,37,35,2988.0,4.0,4.0,1.2,3.8,0.15,1.2,5.0,Arsenal
Bukayo Saka,eng ENG,FW,21.0,35,35,2919.0,16.0,9.0,15.5,10.5,0.8,10.8,21.2,Arsenal
Gabriel Magalhães,br BRA,DF,25.0,36,34,3044.0,4.0,0.0,4.3,0.7,0.15,4.3,5.0,Arsenal
David Raya,es ESP,GK,27.0,32,32,2880.0,0.0,0.0,0.0,0.0,0.0,0.0,0.0,Arsenal
Kai Havertz,de GER,"MF,FW",24.0,37,30,2634.0,13.0,7.0,12.3,4.4,0.57,11.6,15.9,Arsenal
Gabriel Martinelli,br BRA,FW,22.0,35,24,2019.0,6.0,4.0,6.8,6.1,0.58,6.8,12.9,Arsenal
Oleksandr Zinchenko,ua UKR,DF,26.0,27,20,1722.0,1.0,2.0,0.6,2.5,0.16,0.6,3.1,Arsenal
Leandro Trossard,be BEL,"FW,MF",28.0,34,18,1649.0,12.0,1.0,7.9,2.8,0.58,7.9,10.7,Arsenal
Gabriel Jesus,br BRA,FW,26.0,27,17,1478.0,4.0,5.0,6.3,3.8,0.62,6.3,10.1,Arsenal
Jakub Kiwior,pl POL,DF,23.0,20,11,946.0,1.0,3.0,0.8,0.9,0.16,0.8,1.7,Arsenal
Takehiro Tomiyasu,jp JPN,DF,24.0,22,10,1149.0,2.0,1.0,1.5,0.4,0.15,1.5,1.9,Arsenal
Eddie Nketiah,eng ENG,FW,24.0,27,10,1082.0,5.0,2.0,4.5,0.8,0.45,4.5,5.4,Arsenal
Jorginho,it ITA,MF,31.0,24,10,921.0,0.0,2.0,0.1,1.4,0.14,0.1,1.5,Arsenal
Thomas Partey,gh GHA,"MF,DF",30.0,14,9,788.0,0.0,0.0,0.4,0.3,0.08,0.4,0.7,Arsenal
Aaron Ramsdale,eng ENG,GK,25.0,6,6,540.0,0.0,0.0,0.0,0.0,0.0,0.0,0.0,Arsenal
Emile Smith Rowe,eng ENG,MF,23.0,13,3,353.0,0.0,1.0,2.0,0.2,0.56,2.0,2.2,Arsenal
Fabio Vieira,pt POR,"MF,FW",23.0,11,2,297.0,1.0,2.0,1.3,1.6,0.87,0.5,2.1,Arsenal
Reiss Nelson,eng ENG,FW,23.0,15,1,268.0,0.0,0.0,0.2,0.6,0.27,0.2,0.8,Arsenal
Jurriën Timber,nl NED,DF,22.0,2,1,71.0,0.0,0.0,0.0,0.0,0.0,0.0,0.0,Arsenal
Cédric Soares,pt POR,DF,31.0,3,0,62.0,0.0,0.0,0.0,0.0,0.0,0.0,0.0,Arsenal
Mohamed Elneny,eg EGY,MF,31.0,3,0,28.0,0.0,0.0,0.1,0.0,0.26,0.1,0.1,Arsenal
Ethan Nwaneri,eng ENG,FW,16.0,1,0,14.0,0.0,0.0,0.0,0.0,0.15,0.0,0.0,Arsenal
Mauro Bandeira,pt POR,MF,19.0,0,0,,,,,,,,,Arsenal
Bradley Ibrahim,eng ENG,MF,18.0,0,0,,,,,,,,,Arsenal
Karl Jakob Hein,ee EST,GK,21.0,0,0,,,,,,,,,Arsenal
Myles Lewis-Skelly,eng ENG,MF,16.0,0,0,,,,,,,,,Arsenal
Charles Sagoe Jr,eng ENG,FW,19.0,0,0,,,,,,,,,Arsenal
James Sweet,wls WAL,DF,19.0,0,0,,,,,,,,,Arsenal
Reuell Walters,eng ENG,DF,18.0,0,0,,,,,,,,,Arsenal
Virgil van Dijk,nl NED,DF,32.0,36,36,3177.0,2.0,2.0,2.8,1.6,0.12,2.8,4.4,Liverpool
Luis Díaz,co COL,FW,26.0,37,32,2629.0,8.0,5.0,11.9,5.7,0.6,11.9,17.5,Liverpool
Alexis Mac Allister,ar ARG,MF,24.0,33,31,2599.0,5.0,5.0,3.7,3.6,0.25,2.9,6.4,Liverpool
Mohamed Salah,eg EGY,FW,31.0,32,28,2534.0,18.0,10.0,21.2,11.8,1.17,15.5,27.3,Liverpool
Alisson,br BRA,GK,30.0,28,28,2520.0,0.0,0.0,0.0,0.0,0.0,0.0,0.0,Liverpool
Trent Alexander-Arnold,eng ENG,DF,24.0,28,25,2155.0,3.0,4.0,2.6,7.2,0.41,2.3,9.5,Liverpool
Dominik Szoboszlai,hu HUN,MF,22.0,33,25,2104.0,3.0,2.0,3.7,5.8,0.4,3.7,9.5,Liverpool
Darwin Núñez,uy URU,FW,24.0,36,22,2047.0,11.0,8.0,16.3,6.0,0.98,15.5,21.5,Liverpool
Wataru Endo,jp JPN,MF,30.0,29,20,1722.0,1.0,0.0,0.5,1.7,0.12,0.5,2.3,Liverpool
Andrew Robertson,sct SCO,DF,29.0,23,18,1693.0,3.0,2.0,1.9,5.4,0.39,1.9,7.3,Liverpool
Joe Gomez,eng ENG,DF,26.0,32,17,1786.0,0.0,1.0,0.8,1.3,0.1,0.8,2.1,Liverpool
Cody Gakpo,nl NED,"FW,MF",24.0,35,17,1649.0,8.0,5.0,9.0,2.9,0.64,9.0,11.8,Liverpool
Ibrahima Konaté,fr FRA,DF,24.0,22,17,1574.0,0.0,0.0,0.7,0.4,0.06,0.7,1.1,Liverpool
Curtis Jones,eng ENG,MF,22.0,23,14,1167.0,1.0,1.0,2.6,0.7,0.25,2.6,3.3,Liverpool
Diogo Jota,pt POR,FW,26.0,21,14,1145.0,10.0,3.0,5.3,3.3,0.68,5.3,8.6,Liverpool
Jarell Quansah,eng ENG,DF,20.0,17,13,1190.0,2.0,0.0,1.0,0.1,0.08,1.0,1.1,Liverpool
Ryan Gravenberch,nl NED,MF,21.0,26,12,1121.0,1.0,0.0,2.0,0.9,0.23,2.0,2.9,Liverpool
Harvey Elliott,eng ENG,"MF,FW",20.0,34,11,1352.0,3.0,6.0,2.7,3.5,0.42,2.7,6.2,Liverpool
Caoimhín Kelleher,ie IRL,GK,24.0,10,10,900.0,0.0,0.0,0.0,0.0,0.0,0.0,0.0,Liverpool
Conor Bradley,nir NIR,DF,20.0,11,10,753.0,1.0,3.0,0.9,1.5,0.28,0.9,2.3,Liverpool
Joël Matip,cm CMR,DF,31.0,10,9,781.0,0.0,0.0,0.5,0.1,0.06,0.5,0.6,Liverpool
Kostas Tsimikas,gr GRE,DF,27.0,13,8,679.0,0.0,3.0,0.1,1.0,0.15,0.1,1.1,Liverpool
Bobby Clark,eng ENG,MF,18.0,5,1,89.0,0.0,0.0,0.1,0.0,0.14,0.1,0.1,Liverpool
Stefan Bajcetic,es ESP,MF,18.0,1,0,26.0,0.0,0.0,0.0,0.0,0.0,0.0,0.0,Liverpool
Ben Doak,sct SCO,FW,17.0,1,0,14.0,0.0,0.0,0.0,0.0,0.0,0.0,0.0,Liverpool
Jayden Danns,eng ENG,FW,17.0,2,0,9.0,0.0,0.0,0.0,0.0,0.0,0.0,0.0,Liverpool
Owen Beck,wls WAL,DF,20.0,1,0,8.0,0.0,0.0,0.0,0.0,0.0,0.0,0.0,Liverpool
Thiago Alcántara,es ESP,MF,32.0,1,0,6.0,0.0,0.0,0.0,0.0,0.0,0.0,0.0,Liverpool
James McConnell,eng ENG,MF,18.0,3,0,4.0,0.0,0.0,0.0,0.0,0.0,0.0,0.0,Liverpool
Kaide Gordon,eng ENG,FW,18.0,1,0,1.0,0.0,0.0,0.0,0.0,0.0,0.0,0.0,Liverpool
Adrián,es ESP,GK,36.0,0,0,,,,,,,,,Liverpool
Luke Chambers,eng ENG,DF,19.0,0,0,,,,,,,,,Liverpool
Lewis Koumas,wls WAL,MF,17.0,0,0,,,,,,,,,Liverpool
Fabian Mrozek,pl POL,GK,19.0,0,0,,,,,,,,,Liverpool
Amara Nallo,eng ENG,DF,16.0,0,0,,,,,,,,,Liverpool
Trey Nyoni,eng ENG,MF,16.0,0,0,,,,,,,,,Liverpool
Marcelo Pitaluga,br BRA,GK,20.0,0,0,,,,,,,,,Liverpool
Calum Scanlon,eng ENG,MF,18.0,0,0,,,,,,,,,Liverpool
Ollie Watkins,eng ENG,FW,27.0,37,37,3217.0,19.0,13.0,16.8,7.3,0.68,16.8,24.2,Aston-Villa
Ezri Konsa,eng ENG,DF,25.0,35,35,3069.0,1.0,0.0,2.5,0.5,0.09,2.5,3.0,Aston-Villa
John McGinn,sct SCO,"MF,FW",28.0,35,35,2999.0,6.0,4.0,5.0,4.6,0.29,5.0,9.6,Aston-Villa
Douglas Luiz,br BRA,MF,25.0,35,35,2993.0,9.0,5.0,6.9,5.4,0.37,3.8,9.2,Aston-Villa
Emiliano Martínez,ar ARG,GK,30.0,34,34,3015.0,0.0,0.0,0.0,0.0,0.0,0.0,0.0,Aston-Villa
Pau Torres,es ESP,DF,26.0,29,27,2464.0,2.0,0.0,1.0,0.4,0.05,1.0,1.4,Aston-Villa
Lucas Digne,fr FRA,DF,30.0,33,27,2410.0,1.0,3.0,1.1,4.1,0.19,1.1,5.2,Aston-Villa
Moussa Diaby,fr FRA,"FW,MF",24.0,38,25,2174.0,6.0,8.0,7.0,6.6,0.56,7.0,13.6,Aston-Villa
Matty Cash,pl POL,DF,25.0,29,23,2142.0,2.0,2.0,4.2,2.3,0.27,4.2,6.5,Aston-Villa
Leon Bailey,jm JAM,"MF,FW",25.0,35,22,2068.0,10.0,9.0,6.3,9.2,0.67,6.3,15.5,Aston-Villa
Diego Carlos,br BRA,DF,30.0,27,20,1816.0,0.0,0.0,1.9,0.1,0.1,1.9,2.0,Aston-Villa
Boubacar Kamara,fr FRA,MF,23.0,20,20,1652.0,0.0,1.0,0.1,1.3,0.08,0.1,1.4,Aston-Villa
Youri Tielemans,be BEL,"MF,FW",26.0,32,17,1622.0,2.0,6.0,1.3,2.6,0.21,1.3,3.9,Aston-Villa
Clément Lenglet,fr FRA,DF,28.0,14,14,1153.0,0.0,1.0,0.9,0.8,0.13,0.9,1.6,Aston-Villa
Álex Moreno,es ESP,DF,30.0,21,11,1031.0,2.0,0.0,1.1,1.1,0.2,1.1,2.3,Aston-Villa
Nicolò Zaniolo,it ITA,"FW,MF",24.0,25,9,839.0,2.0,0.0,2.6,1.0,0.39,2.6,3.6,Aston-Villa
Jacob Ramsey,eng ENG,"FW,MF",22.0,16,8,853.0,1.0,1.0,2.2,1.0,0.34,2.2,3.2,Aston-Villa
Morgan Rogers,eng ENG,"MF,FW",21.0,11,8,638.0,3.0,1.0,1.4,0.6,0.28,1.4,2.0,Aston-Villa
Robin Olsen,se SWE,GK,33.0,5,4,405.0,0.0,0.0,0.0,0.0,0.0,0.0,0.0,Aston-Villa
Jhon Durán,co COL,"FW,MF",19.0,23,3,475.0,5.0,0.0,2.0,0.3,0.44,2.0,2.3,Aston-Villa
Tim Iroegbunam,eng ENG,MF,20.0,9,1,164.0,0.0,0.0,0.0,0.0,0.0,0.0,0.0,Aston-Villa
Calum Chambers,eng ENG,"MF,DF",28.0,5,1,152.0,0.0,1.0,0.0,0.1,0.06,0.0,0.1,Aston-Villa
Leander Dendoncker,be BEL,MF,28.0,8,1,119.0,1.0,0.0,0.7,0.0,0.56,0.7,0.7,Aston-Villa
Tyrone Mings,eng ENG,DF,30.0,1,1,30.0,0.0,0.0,0.0,0.0,0.09,0.0,0.0,Aston-Villa
Omari Kellyman,eng ENG,FW,17.0,2,0,37.0,0.0,0.0,0.1,0.0,0.17,0.1,0.1,Aston-Villa
Philippe Coutinho,br BRA,"MF,FW",31.0,2,0,25.0,0.0,0.0,0.1,0.0,0.52,0.1,0.1,Aston-Villa
Bertrand Traoré,bf BFA,"DF,FW",27.0,2,0,11.0,0.0,0.0,0.0,0.0,0.0,0.0,0.0,Aston-Villa
Cameron Archer,eng ENG,MF,22.0,1,0,6.0,0.0,0.0,0.0,0.0,0.0,0.0,0.0,Aston-Villa
Kaine Kesler-Hayden,eng ENG,"MF,DF",20.0,3,0,6.0,0.0,0.0,0.0,0.0,0.0,0.0,0.0,Aston-Villa
Finley Munroe,eng ENG,MF,18.0,1,0,4.0,0.0,0.0,0.0,0.0,0.0,0.0,0.0,Aston-Villa
Jaden Philogene Bidace,eng ENG,FW,21.0,1,0,4.0,0.0,0.0,0.0,0.0,0.0,0.0,0.0,Aston-Villa
Lander Emery,eng ENG,GK,20.0,0,0,,,,,,,,,Aston-Villa
Joe Gauci,au AUS,GK,23.0,0,0,,,,,,,,,Aston-Villa
Filip Marshall,eng ENG,GK,20.0,0,0,,,,,,,,,Aston-Villa
Tommi O'Reilly,eng ENG,MF,19.0,0,0,,,,,,,,,Aston-Villa
Sam Proctor,eng ENG,GK,16.0,0,0,,,,,,,,,Aston-Villa
James Wright,eng ENG,GK,18.0,0,0,,,,,,,,,Aston-Villa
Kadan Young,eng ENG,MF,17.0,0,0,,,,,,,,,Aston-Villa
Oliwier Zych,pl POL,GK,19.0,0,0,,,,,,,,,Aston-Villa
Guglielmo Vicario,it ITA,GK,26.0,38,38,3420.0,0.0,0.0,0.0,0.0,0.0,0.0,0.0,Tottenham-Hotspur
Pedro Porro,es ESP,DF,23.0,35,35,3089.0,3.0,7.0,2.9,7.2,0.3,2.9,10.1,Tottenham-Hotspur
Son Heung-min,kr KOR,FW,31.0,35,34,2934.0,17.0,10.0,12.0,11.8,0.73,10.4,22.2,Tottenham-Hotspur
Cristian Romero,ar ARG,DF,25.0,33,33,2790.0,5.0,0.0,3.5,0.4,0.13,3.5,3.9,Tottenham-Hotspur
Dejan Kulusevski,se SWE,"FW,MF",23.0,36,31,2762.0,8.0,3.0,4.7,7.7,0.4,4.7,12.4,Tottenham-Hotspur
Destiny Udogie,it ITA,DF,20.0,28,28,2391.0,2.0,3.0,2.4,2.2,0.17,2.4,4.6,Tottenham-Hotspur
Micky van de Ven,nl NED,DF,22.0,27,27,2339.0,3.0,0.0,0.6,0.0,0.02,0.6,0.6,Tottenham-Hotspur
Pape Matar Sarr,sn SEN,MF,20.0,34,27,2069.0,3.0,3.0,3.4,2.2,0.25,3.4,5.7,Tottenham-Hotspur
James Maddison,eng ENG,MF,26.0,28,26,2135.0,4.0,9.0,6.4,5.9,0.52,6.4,12.4,Tottenham-Hotspur
Yves Bissouma,ml MLI,MF,26.0,28,26,2068.0,0.0,0.0,1.4,0.4,0.08,1.4,1.8,Tottenham-Hotspur
Brennan Johnson,wls WAL,FW,22.0,32,23,2085.0,5.0,10.0,10.3,8.1,0.79,10.3,18.3,Tottenham-Hotspur
Richarlison,br BRA,FW,26.0,28,18,1491.0,11.0,4.0,9.6,2.1,0.7,9.6,11.7,Tottenham-Hotspur
Rodrigo Bentancur,uy URU,MF,26.0,23,13,1005.0,1.0,1.0,1.9,0.5,0.22,1.9,2.4,Tottenham-Hotspur
Ben Davies,wls WAL,DF,30.0,17,12,1090.0,1.0,0.0,2.3,0.4,0.23,2.3,2.7,Tottenham-Hotspur
Emerson,br BRA,DF,24.0,22,11,1161.0,1.0,0.0,0.2,0.4,0.05,0.2,0.6,Tottenham-Hotspur
Timo Werner,de GER,FW,27.0,13,10,809.0,2.0,3.0,3.7,2.7,0.72,3.7,6.4,Tottenham-Hotspur
Pierre Højbjerg,dk DEN,MF,27.0,36,8,1311.0,0.0,0.0,0.7,1.2,0.13,0.7,1.9,Tottenham-Hotspur
Oliver Skipp,eng ENG,"MF,DF",22.0,21,5,707.0,0.0,0.0,0.7,0.6,0.16,0.7,1.3,Tottenham-Hotspur
Giovani Lo Celso,ar ARG,MF,27.0,22,4,506.0,2.0,2.0,0.6,1.9,0.45,0.6,2.5,Tottenham-Hotspur
Radu Drăgușin,ro ROU,DF,21.0,9,4,429.0,0.0,0.0,0.1,0.0,0.03,0.1,0.1,Tottenham-Hotspur
Bryan Gil,es ESP,"FW,MF",22.0,11,2,209.0,0.0,0.0,0.8,0.2,0.41,0.8,1.0,Tottenham-Hotspur
Manor Solomon,il ISR,FW,24.0,5,2,199.0,0.0,2.0,0.4,0.8,0.56,0.4,1.2,Tottenham-Hotspur
Eric Dier,eng ENG,DF,29.0,4,1,201.0,0.0,0.0,0.0,0.0,0.0,0.0,0.0,Tottenham-Hotspur
Ivan Perišić,hr CRO,FW,34.0,5,0,103.0,0.0,1.0,0.1,0.9,0.85,0.1,1.0,Tottenham-Hotspur
Davinson Sánchez,co COL,DF,27.0,1,0,77.0,0.0,0.0,0.1,0.0,0.14,0.1,0.1,Tottenham-Hotspur
Alejo Véliz,ar ARG,FW,19.0,8,0,50.0,1.0,0.0,0.2,0.0,0.45,0.2,0.2,Tottenham-Hotspur
Dane Scarlett,eng ENG,FW,19.0,4,0,22.0,0.0,0.0,0.0,0.0,0.0,0.0,0.0,Tottenham-Hotspur
Mikey Moore,eng ENG,MF,15.0,2,0,4.0,0.0,0.0,0.0,0.0,0.0,0.0,0.0,Tottenham-Hotspur
Jamie Donley,eng ENG,FW,18.0,3,0,3.0,0.0,0.0,0.0,0.0,0.0,0.0,0.0,Tottenham-Hotspur
Brandon Austin,eng ENG,GK,24.0,0,0,,,,,,,,,Tottenham-Hotspur
Alfie Dorrington,eng ENG,DF,18.0,0,0,,,,,,,,,Tottenham-Hotspur
Fraser Forster,eng ENG,GK,35.0,0,0,,,,,,,,,Tottenham-Hotspur
Tyrese Hall,eng ENG,MF,17.0,0,0,,,,,,,,,Tottenham-Hotspur
Ashley Phillips,wls WAL,DF,18.0,0,0,,,,,,,,,Tottenham-Hotspur
Yago Santiago,es ESP,"FW,MF",20.0,0,0,,,,,,,,,Tottenham-Hotspur
Alfie Whiteman,eng ENG,GK,24.0,0,0,,,,,,,,,Tottenham-Hotspur
Conor Gallagher,eng ENG,MF,23.0,37,37,3128.0,5.0,7.0,4.2,5.0,0.27,4.2,9.2,Chelsea
Moisés Caicedo,ec ECU,MF,21.0,35,33,2866.0,1.0,3.0,0.4,2.6,0.09,0.4,3.0,Chelsea
Nicolas Jackson,sn SEN,FW,22.0,35,31,2799.0,14.0,5.0,18.6,4.3,0.74,18.6,22.9,Chelsea
Cole Palmer,eng ENG,"FW,MF",21.0,33,29,2607.0,22.0,11.0,18.2,11.1,1.01,11.1,22.2,Chelsea
Axel Disasi,fr FRA,DF,25.0,31,29,2579.0,2.0,0.0,2.4,0.3,0.09,2.4,2.7,Chelsea
Thiago Silva,br BRA,DF,38.0,31,28,2527.0,3.0,1.0,0.8,1.0,0.06,0.8,1.8,Chelsea
Enzo Fernández,ar ARG,MF,22.0,28,26,2209.0,3.0,2.0,6.2,3.4,0.39,4.6,8.0,Chelsea
Đorđe Petrović,rs SRB,GK,23.0,23,22,1987.0,0.0,0.0,0.0,0.0,0.0,0.0,0.0,Chelsea
Raheem Sterling,eng ENG,"FW,MF",28.0,31,22,1978.0,8.0,4.0,6.5,4.5,0.5,6.5,11.0,Chelsea
Levi Colwill,eng ENG,DF,20.0,23,20,1797.0,1.0,1.0,1.3,1.2,0.12,1.3,2.5,Chelsea
Marc Cucurella,es ESP,DF,25.0,21,20,1782.0,0.0,2.0,1.1,1.1,0.11,1.1,2.2,Chelsea
Malo Gusto,fr FRA,DF,20.0,27,19,1751.0,0.0,6.0,0.9,4.3,0.27,0.9,5.2,Chelsea
Mykhailo Mudryk,ua UKR,FW,22.0,31,18,1576.0,5.0,2.0,4.4,4.1,0.48,4.4,8.5,Chelsea
Robert Sánchez,es ESP,GK,25.0,16,16,1433.0,0.0,0.0,0.0,0.0,0.0,0.0,0.0,Chelsea
Benoît Badiashile,fr FRA,DF,22.0,18,15,1338.0,0.0,1.0,0.3,1.5,0.12,0.3,1.8,Chelsea
Noni Madueke,eng ENG,FW,21.0,23,13,1053.0,5.0,2.0,2.5,2.6,0.44,1.7,4.3,Chelsea
Trevoh Chalobah,eng ENG,DF,24.0,13,10,952.0,1.0,0.0,0.2,0.1,0.02,0.2,0.3,Chelsea
Ben Chilwell,eng ENG,DF,26.0,13,9,756.0,0.0,1.0,1.2,2.2,0.41,1.2,3.4,Chelsea
Armando Broja,al ALB,FW,21.0,13,6,454.0,1.0,0.0,2.4,0.2,0.5,2.4,2.5,Chelsea
Reece James,eng ENG,DF,23.0,10,5,419.0,0.0,2.0,0.3,1.7,0.44,0.3,2.1,Chelsea
Lesley Ugochukwu,fr FRA,MF,19.0,12,3,301.0,0.0,0.0,0.0,0.1,0.03,0.0,0.1,Chelsea
Christopher Nkunku,fr FRA,"FW,MF",25.0,11,2,443.0,3.0,0.0,2.3,0.2,0.52,2.3,2.5,Chelsea
Carney Chukwuemeka,eng ENG,"MF,FW",19.0,9,2,227.0,1.0,1.0,0.2,0.3,0.19,0.2,0.5,Chelsea
Alfie Gilchrist,eng ENG,DF,19.0,11,2,207.0,1.0,0.0,0.3,0.0,0.14,0.3,0.3,Chelsea
Ian Maatsen,nl NED,"FW,MF",21.0,12,1,209.0,0.0,0.0,0.8,0.1,0.39,0.8,0.9,Chelsea
Cesare Casadei,it ITA,"FW,MF",20.0,11,0,79.0,0.0,0.0,0.0,0.1,0.12,0.0,0.1,Chelsea
Roméo Lavia,be BEL,MF,19.0,1,0,33.0,0.0,0.0,0.0,0.0,0.0,0.0,0.0,Chelsea
Deivid Washington,br BRA,"DF,FW",18.0,2,0,13.0,0.0,0.0,0.5,0.0,3.23,0.5,0.5,Chelsea
Mason Burstow,eng ENG,FW,19.0,2,0,9.0,0.0,0.0,0.0,0.0,0.0,0.0,0.0,Chelsea
Joshua Acheampong,eng ENG,DF,17.0,1,0,6.0,0.0,0.0,0.0,0.0,0.0,0.0,0.0,Chelsea
Alex Matos,eng ENG,MF,18.0,1,0,1.0,0.0,0.0,0.0,0.0,0.0,0.0,0.0,Chelsea
Jimi Tauriainen,eng ENG,FW,19.0,1,0,1.0,0.0,0.0,0.0,0.0,0.0,0.0,0.0,Chelsea
Marcus Bettinelli,eng ENG,GK,31.0,0,0,,0.0,0.0,,,,,,Chelsea
Eddie Beach,wls WAL,GK,19.0,0,0,,,,,,,,,Chelsea
Lucas Bergström,fi FIN,GK,20.0,0,0,,,,,,,,,Chelsea
Joshua Brooking,eng ENG,DF,20.0,0,0,,,,,,,,,Chelsea
Leo Castledine,eng ENG,MF,17.0,0,0,,,,,,,,,Chelsea
Ted Curd,eng ENG,GK,17.0,0,0,,,,,,,,,Chelsea
Kiano Dyer,eng ENG,MF,16.0,0,0,,,,,,,,,Chelsea
Tyrique George,eng ENG,FW,17.0,0,0,,,,,,,,,Chelsea
Ollie Harrison,eng ENG,MF,15.0,0,0,,,,,,,,,Chelsea
Bashir Humphreys,eng ENG,DF,20.0,0,0,,,,,,,,,Chelsea
Diego Moreira,pt POR,MF,18.0,0,0,,,,,,,,,Chelsea
Ishé Samuels-Smith,eng ENG,DF,17.0,0,0,,,,,,,,,Chelsea
Andrey Santos,br BRA,MF,19.0,0,0,,,,,,,,,Chelsea
Teddy Sharman,eng ENG,GK,20.0,0,0,,,,,,,,,Chelsea
Zak Sturge,eng ENG,DF,19.0,0,0,,,,,,,,,Chelsea
Ronnie Stutter,eng ENG,FW,18.0,0,0,,,,,,,,,Chelsea
Bruno Guimarães,br BRA,MF,25.0,37,37,3263.0,7.0,8.0,4.8,6.4,0.31,4.8,11.2,Newcastle-United
Fabian Schär,ch SUI,DF,31.0,36,35,3054.0,4.0,1.0,2.5,0.7,0.1,2.5,3.3,Newcastle-United
Anthony Gordon,eng ENG,FW,22.0,35,34,2890.0,11.0,10.0,10.2,8.0,0.57,9.4,17.4,Newcastle-United
Dan Burn,eng ENG,DF,31.0,33,32,2726.0,2.0,2.0,3.1,1.1,0.14,3.1,4.2,Newcastle-United
Sean Longstaff,eng ENG,MF,25.0,35,30,2747.0,6.0,2.0,6.6,2.3,0.29,6.6,8.8,Newcastle-United
Alexander Isak,se SWE,FW,23.0,30,27,2255.0,21.0,2.0,20.3,3.7,0.96,15.6,19.3,Newcastle-United
Kieran Trippier,eng ENG,DF,32.0,28,26,2236.0,1.0,10.0,0.7,7.5,0.33,0.7,8.2,Newcastle-United
Miguel Almirón,py PAR,FW,29.0,33,23,1937.0,3.0,1.0,4.5,2.6,0.33,4.5,7.2,Newcastle-United
Martin Dúbravka,sk SVK,GK,34.0,23,22,1985.0,0.0,0.0,0.0,0.1,0.0,0.0,0.1,Newcastle-United
Sven Botman,nl NED,DF,23.0,17,15,1377.0,2.0,2.0,0.6,1.0,0.11,0.6,1.6,Newcastle-United
Nick Pope,eng ENG,GK,31.0,15,15,1345.0,0.0,0.0,0.0,0.0,0.0,0.0,0.0,Newcastle-United
Joelinton,br BRA,"MF,FW",26.0,20,15,1279.0,2.0,1.0,3.1,2.8,0.41,3.1,5.9,Newcastle-United
Lewis Miley,eng ENG,MF,17.0,17,14,1202.0,1.0,3.0,1.2,1.7,0.22,1.2,2.9,Newcastle-United
Jacob Murphy,eng ENG,"FW,DF",28.0,21,14,1189.0,3.0,7.0,2.1,5.0,0.54,2.1,7.1,Newcastle-United
Jamaal Lascelles,eng ENG,DF,29.0,16,13,1080.0,1.0,0.0,0.7,0.1,0.07,0.7,0.8,Newcastle-United
Valentino Livramento,eng ENG,DF,20.0,26,12,1314.0,1.0,0.0,0.4,0.8,0.08,0.4,1.2,Newcastle-United
Elliot Anderson,eng ENG,"MF,FW",20.0,21,10,1027.0,0.0,2.0,1.5,1.9,0.3,1.5,3.5,Newcastle-United
Callum Wilson,eng ENG,FW,31.0,20,9,991.0,9.0,1.0,8.8,0.6,0.85,7.2,7.8,Newcastle-United
Emil Krafth,se SWE,DF,28.0,17,8,913.0,0.0,0.0,0.2,1.0,0.12,0.2,1.2,Newcastle-United
Lewis Hall,eng ENG,DF,18.0,18,8,781.0,1.0,0.0,0.3,0.3,0.07,0.3,0.6,Newcastle-United
Harvey Barnes,eng ENG,"FW,MF",25.0,21,7,802.0,5.0,3.0,3.6,3.2,0.76,3.6,6.8,Newcastle-United
Sandro Tonali,it ITA,MF,23.0,8,5,438.0,1.0,0.0,0.7,0.6,0.26,0.7,1.3,Newcastle-United
Joe Willock,eng ENG,MF,23.0,9,5,419.0,1.0,0.0,0.8,0.6,0.3,0.8,1.4,Newcastle-United
Loris Karius,de GER,GK,30.0,1,1,90.0,0.0,0.0,0.0,0.0,0.0,0.0,0.0,Newcastle-United
Matt Targett,eng ENG,DF,27.0,3,1,78.0,0.0,0.0,0.0,0.0,0.03,0.0,0.0,Newcastle-United
Matt Ritchie,sct SCO,"FW,MF",33.0,13,0,128.0,1.0,0.0,1.0,0.0,0.68,1.0,1.0,Newcastle-United
Ben Parkinson,eng ENG,FW,18.0,1,0,25.0,0.0,0.0,0.0,0.0,0.0,0.0,0.0,Newcastle-United
Paul Dummett,wls WAL,DF,31.0,5,0,20.0,0.0,0.0,0.0,0.0,0.11,0.0,0.0,Newcastle-United
Alex Murphy,ie IRL,"DF,FW",19.0,2,0,13.0,0.0,0.0,0.0,0.0,0.0,0.0,0.0,Newcastle-United
Joe White,eng ENG,MF,20.0,4,0,13.0,0.0,0.0,0.0,0.0,0.0,0.0,0.0,Newcastle-United
Amadou Diallo,eng ENG,MF,20.0,1,0,1.0,0.0,0.0,0.0,0.0,0.0,0.0,0.0,Newcastle-United
Michael Ndiweni,eng ENG,FW,19.0,1,0,1.0,0.0,0.0,0.0,0.0,0.0,0.0,0.0,Newcastle-United
Mark Gillespie,eng ENG,GK,31.0,0,0,,,,,,,,,Newcastle-United
Travis Hearnes,no NOR,MF,17.0,0,0,,,,,,,,,Newcastle-United
Javier Manquillo,es ESP,DF,29.0,0,0,,,,,,,,,Newcastle-United
André Onana,cm CMR,GK,27.0,38,38,3420.0,0.0,0.0,0.0,0.1,0.0,0.0,0.1,Manchester-United
Diogo Dalot,pt POR,DF,24.0,36,35,3174.0,2.0,3.0,1.7,2.9,0.13,1.7,4.6,Manchester-United
Bruno Fernandes,pt POR,"MF,FW",28.0,35,35,3118.0,10.0,8.0,10.0,11.8,0.63,6.1,17.8,Manchester-United
Alejandro Garnacho,ar ARG,FW,19.0,36,30,2565.0,7.0,4.0,8.4,5.1,0.47,8.3,13.4,Manchester-United
Marcus Rashford,eng ENG,FW,25.0,33,26,2271.0,7.0,2.0,7.4,2.3,0.38,5.8,8.1,Manchester-United
Rasmus Højlund,dk DEN,FW,20.0,30,25,2158.0,10.0,2.0,7.6,1.6,0.38,7.6,9.2,Manchester-United
Casemiro,br BRA,"MF,DF",31.0,25,24,1982.0,1.0,2.0,3.5,1.0,0.2,3.5,4.5,Manchester-United
Kobbie Mainoo,eng ENG,MF,18.0,24,24,1924.0,3.0,1.0,0.9,0.7,0.07,0.9,1.6,Manchester-United
Aaron Wan-Bissaka,eng ENG,DF,25.0,22,20,1780.0,0.0,2.0,0.1,1.5,0.08,0.1,1.6,Manchester-United
Scott McTominay,sct SCO,"MF,FW",26.0,32,18,1901.0,7.0,1.0,5.7,0.8,0.31,5.7,6.6,Manchester-United
Harry Maguire,eng ENG,DF,30.0,22,18,1653.0,2.0,2.0,2.0,1.2,0.18,2.0,3.3,Manchester-United
Raphaël Varane,fr FRA,DF,30.0,22,16,1375.0,1.0,0.0,1.3,0.1,0.09,1.3,1.3,Manchester-United
Jonny Evans,nir NIR,DF,35.0,23,15,1392.0,0.0,1.0,0.1,1.2,0.08,0.1,1.2,Manchester-United
Antony,br BRA,FW,23.0,29,15,1324.0,1.0,1.0,3.4,2.8,0.42,3.4,6.1,Manchester-United
Victor Lindelöf,se SWE,DF,29.0,19,14,1328.0,1.0,1.0,0.8,0.3,0.07,0.8,1.1,Manchester-United
Christian Eriksen,dk DEN,MF,31.0,22,12,1141.0,1.0,2.0,1.0,2.3,0.26,1.0,3.3,Manchester-United
Luke Shaw,eng ENG,DF,28.0,12,12,959.0,0.0,0.0,0.0,1.0,0.1,0.0,1.0,Manchester-United
Sofyan Amrabat,ma MAR,"MF,DF",26.0,21,10,938.0,0.0,0.0,0.1,0.3,0.04,0.1,0.4,Manchester-United
Lisandro Martínez,ar ARG,DF,25.0,11,8,646.0,0.0,1.0,0.0,0.1,0.01,0.0,0.1,Manchester-United
Mason Mount,eng ENG,"MF,FW",24.0,14,5,516.0,1.0,0.0,0.4,0.3,0.13,0.4,0.7,Manchester-United
Anthony Martial,fr FRA,FW,27.0,13,5,448.0,1.0,0.0,1.2,0.2,0.29,1.2,1.5,Manchester-United
Sergio Reguilón,es ESP,DF,26.0,9,4,412.0,0.0,0.0,0.2,0.7,0.2,0.2,0.9,Manchester-United
Amad Diallo,ci CIV,"FW,MF",21.0,9,3,390.0,1.0,1.0,0.5,1.1,0.36,0.5,1.6,Manchester-United
Willy Kambwala,fr FRA,DF,18.0,8,3,330.0,0.0,0.0,0.0,0.0,0.0,0.0,0.0,Manchester-United
Facundo Pellistri,uy URU,"FW,MF",21.0,9,1,172.0,0.0,1.0,0.7,0.1,0.43,0.7,0.8,Manchester-United
Hannibal Mejbri,tn TUN,"MF,FW",20.0,5,1,133.0,1.0,0.0,0.0,0.4,0.27,0.0,0.4,Manchester-United
Omari Forson,eng ENG,FW,19.0,4,1,70.0,0.0,1.0,0.0,0.2,0.27,0.0,0.2,Manchester-United
Jadon Sancho,eng ENG,"FW,MF",23.0,3,0,79.0,0.0,0.0,0.0,0.1,0.06,0.0,0.1,Manchester-United
Ethan Wheatley,eng ENG,FW,17.0,3,0,16.0,0.0,0.0,0.0,0.0,0.0,0.0,0.0,Manchester-United
Donny van de Beek,nl NED,DF,26.0,1,0,3.0,0.0,0.0,0.0,0.1,5.54,0.0,0.2,Manchester-United
Daniel Gore,eng ENG,MF,18.0,1,0,1.0,0.0,0.0,0.0,0.0,0.0,0.0,0.0,Manchester-United
Harry Amass,eng ENG,DF,16.0,0,0,,,,,,,,,Manchester-United
Altay Bayındır,tr TUR,GK,25.0,0,0,,,,,,,,,Manchester-United
Rhys Bennett,eng ENG,DF,19.0,0,0,,,,,,,,,Manchester-United
Álvaro Carreras,es ESP,"DF,MF",20.0,0,0,,,,,,,,,Manchester-United
Toby Collyer,eng ENG,MF,19.0,0,0,,,,,,,,,Manchester-United
Tom Heaton,eng ENG,GK,37.0,0,0,,,,,,,,,Manchester-United
Dean Henderson,eng ENG,GK,26.0,0,0,,,,,,,,,Manchester-United
Joe Hugill,eng ENG,FW,19.0,0,0,,,,,,,,,Manchester-United
Louis Jackson,sct SCO,DF,17.0,0,0,,,,,,,,,Manchester-United
Dermot Mee,nir NIR,GK,20.0,0,0,,,,,,,,,Manchester-United
Habeeb Ogunneye,eng ENG,DF,18.0,0,0,,,,,,,,,Manchester-United
Radek Vítek,,GK,19.0,0,0,,,,,,,,,Manchester-United
Vladimír Coufal,cz CZE,DF,30.0,36,36,3132.0,0.0,7.0,0.3,4.0,0.12,0.3,4.3,West-Ham-United
Emerson Palmieri,it ITA,DF,28.0,36,35,3137.0,1.0,2.0,1.5,2.4,0.11,1.5,3.9,West-Ham-United
Jarrod Bowen,eng ENG,FW,26.0,34,34,3019.0,16.0,6.0,11.6,5.5,0.51,11.6,17.2,West-Ham-United
James Ward-Prowse,eng ENG,MF,28.0,37,34,3001.0,7.0,7.0,6.0,7.8,0.41,4.4,12.3,West-Ham-United
Tomáš Souček,cz CZE,MF,28.0,37,34,2870.0,7.0,2.0,6.7,1.7,0.26,6.7,8.4,West-Ham-United
Kurt Zouma,fr FRA,DF,28.0,33,32,2838.0,3.0,0.0,1.8,0.2,0.06,1.8,2.0,West-Ham-United
Alphonse Areola,fr FRA,GK,30.0,31,31,2699.0,0.0,0.0,0.0,0.0,0.0,0.0,0.0,West-Ham-United
Lucas Paquetá,br BRA,"FW,MF",25.0,31,31,2622.0,4.0,6.0,5.4,5.4,0.37,3.8,9.2,West-Ham-United
Edson Álvarez,mx MEX,MF,25.0,31,28,2377.0,1.0,1.0,1.3,0.6,0.07,1.3,1.9,West-Ham-United
Mohammed Kudus,gh GHA,"FW,MF",22.0,33,27,2484.0,8.0,6.0,5.1,3.5,0.31,5.1,8.6,West-Ham-United
Nayef Aguerd,ma MAR,DF,27.0,21,21,1857.0,1.0,0.0,1.5,0.3,0.09,1.5,1.8,West-Ham-United
Michail Antonio,jm JAM,FW,33.0,26,21,1695.0,6.0,2.0,5.8,0.9,0.35,5.8,6.7,West-Ham-United
Konstantinos Mavropanos,gr GRE,DF,25.0,19,16,1500.0,1.0,0.0,1.2,0.2,0.08,1.2,1.4,West-Ham-United
Łukasz Fabiański,pl POL,GK,38.0,10,7,721.0,0.0,0.0,0.0,0.0,0.0,0.0,0.0,West-Ham-United
Angelo Ogbonna,it ITA,DF,35.0,11,7,635.0,0.0,0.0,0.0,0.0,0.01,0.0,0.0,West-Ham-United
Saïd Benrahma,dz ALG,"FW,MF",27.0,13,5,620.0,0.0,1.0,1.8,1.4,0.47,1.0,2.5,West-Ham-United
Ben Johnson,eng ENG,"DF,FW",23.0,14,4,544.0,0.0,0.0,0.2,0.0,0.03,0.2,0.2,West-Ham-United
Aaron Cresswell,eng ENG,"DF,FW",33.0,11,4,436.0,0.0,0.0,0.0,0.4,0.09,0.0,0.4,West-Ham-United
Pablo Fornals,es ESP,"MF,FW",27.0,15,4,426.0,0.0,0.0,0.3,0.3,0.13,0.3,0.6,West-Ham-United
Danny Ings,eng ENG,FW,31.0,20,3,404.0,1.0,0.0,1.3,0.3,0.34,1.3,1.5,West-Ham-United
Kalvin Phillips,eng ENG,MF,27.0,8,3,309.0,0.0,0.0,0.1,0.0,0.02,0.1,0.1,West-Ham-United
Maxwel Cornet,ci CIV,"MF,FW",26.0,7,1,112.0,1.0,0.0,0.4,0.2,0.46,0.4,0.6,West-Ham-United
Divin Mubama,eng ENG,FW,18.0,5,0,80.0,0.0,0.0,0.1,0.0,0.17,0.1,0.1,West-Ham-United
George Earthy,eng ENG,FW,18.0,3,0,34.0,1.0,0.0,0.3,0.0,0.82,0.3,0.3,West-Ham-United
Thilo Kehrer,de GER,"DF,MF",26.0,4,0,22.0,0.0,0.0,0.0,0.0,0.0,0.0,0.0,West-Ham-United
Kaelan Casey,eng ENG,DF,18.0,1,0,1.0,0.0,0.0,0.0,0.0,0.0,0.0,0.0,West-Ham-United
Joseph Anang,eng ENG,GK,23.0,0,0,,,,,,,,,West-Ham-United
Conor Coventry,ie IRL,MF,23.0,0,0,,,,,,,,,West-Ham-United
Levi Laing,eng ENG,DF,20.0,0,0,,,,,,,,,West-Ham-United
Callum Marshall,nir NIR,FW,18.0,0,0,,,,,,,,,West-Ham-United
Lewis Orford,eng ENG,MF,17.0,0,0,,,,,,,,,West-Ham-United
Oliver Scarles,eng ENG,DF,17.0,0,0,,,,,,,,,West-Ham-United
Joachim Andersen,dk DEN,DF,27.0,38,38,3415.0,2.0,3.0,1.7,2.8,0.12,1.7,4.5,Crystal-Palace
Tyrick Mitchell,eng ENG,"DF,MF",23.0,37,37,3204.0,2.0,3.0,1.6,2.8,0.12,1.6,4.4,Crystal-Palace
Jordan Ayew,gh GHA,"FW,MF",31.0,35,30,2543.0,4.0,7.0,3.9,4.2,0.29,3.9,8.1,Crystal-Palace
Jefferson Lerma,co COL,"MF,DF",28.0,28,27,2400.0,1.0,1.0,2.7,2.2,0.18,2.7,4.8,Crystal-Palace
Jean-Philippe Mateta,fr FRA,FW,26.0,35,25,2282.0,16.0,5.0,10.9,3.1,0.56,9.4,12.5,Crystal-Palace
Eberechi Eze,eng ENG,"MF,FW",25.0,27,24,2055.0,11.0,4.0,9.1,5.2,0.62,8.3,13.5,Crystal-Palace
Chris Richards,us USA,"DF,MF",23.0,26,23,2094.0,1.0,1.0,0.6,0.4,0.04,0.6,1.0,Crystal-Palace
Marc Guéhi,eng ENG,DF,23.0,25,23,2021.0,0.0,1.0,0.6,0.6,0.05,0.6,1.2,Crystal-Palace
Joel Ward,eng ENG,DF,33.0,26,23,1980.0,0.0,1.0,0.9,0.2,0.05,0.9,1.1,Crystal-Palace
Will Hughes,eng ENG,MF,28.0,30,23,1891.0,0.0,1.0,0.3,1.1,0.07,0.3,1.5,Crystal-Palace
Sam Johnstone,eng ENG,GK,30.0,20,20,1796.0,0.0,0.0,0.0,0.0,0.0,0.0,0.0,Crystal-Palace
Dean Henderson,eng ENG,GK,26.0,18,18,1620.0,0.0,0.0,0.0,0.0,0.0,0.0,0.0,Crystal-Palace
Odsonne Édouard,fr FRA,"FW,MF",25.0,30,17,1555.0,7.0,0.0,6.2,1.2,0.43,6.2,7.4,Crystal-Palace
Jeffrey Schlupp,gh GHA,"FW,MF",30.0,29,17,1352.0,2.0,2.0,1.8,2.3,0.27,1.8,4.1,Crystal-Palace
Daniel Muñoz,co COL,"DF,MF",27.0,16,16,1439.0,0.0,4.0,1.2,2.4,0.23,1.2,3.7,Crystal-Palace
Adam Wharton,eng ENG,MF,19.0,16,15,1297.0,0.0,3.0,0.3,2.4,0.19,0.3,2.8,Crystal-Palace
Nathaniel Clyne,eng ENG,DF,32.0,19,14,1338.0,0.0,0.0,0.2,0.2,0.03,0.2,0.4,Crystal-Palace
Michael Olise,fr FRA,"FW,MF",21.0,19,14,1275.0,10.0,6.0,5.5,5.8,0.8,4.7,10.5,Crystal-Palace
Cheick Doucouré,ml MLI,MF,23.0,11,11,919.0,0.0,0.0,0.3,0.7,0.1,0.3,1.0,Crystal-Palace
Jaïro Riedewald,nl NED,"MF,FW",26.0,9,2,235.0,0.0,0.0,0.0,0.0,0.01,0.0,0.0,Crystal-Palace
Matheus França,br BRA,"MF,FW",19.0,10,1,232.0,0.0,1.0,0.4,0.9,0.48,0.4,1.2,Crystal-Palace
Naouirou Ahamada,fr FRA,"MF,FW",21.0,20,0,349.0,0.0,0.0,0.5,0.0,0.13,0.5,0.5,Crystal-Palace
David Ozoh,eng ENG,"MF,DF",18.0,9,0,156.0,0.0,0.0,0.0,0.0,0.0,0.0,0.0,Crystal-Palace
Jesurun Rak Sakyi,eng ENG,"MF,FW",20.0,6,0,136.0,0.0,0.0,0.4,0.2,0.38,0.4,0.6,Crystal-Palace
James Tomkins,eng ENG,DF,34.0,4,0,10.0,0.0,0.0,0.0,0.0,0.0,0.0,0.0,Crystal-Palace
Remi Matthews,eng ENG,GK,29.0,1,0,4.0,0.0,0.0,0.0,0.0,0.0,0.0,0.0,Crystal-Palace
Tayo Adaramola,ie IRL,DF,19.0,0,0,,,,,,,,,Crystal-Palace
Malcolm Ebiowei,eng ENG,MF,19.0,0,0,,,,,,,,,Crystal-Palace
John-Kymani Gordon,eng ENG,"FW,MF",20.0,0,0,,,,,,,,,Crystal-Palace
Rob Holding,eng ENG,DF,27.0,0,0,,,,,,,,,Crystal-Palace
Roshaun Mathurin,eng ENG,FW,19.0,0,0,,,,,,,,,Crystal-Palace
Ademola Ola-Adebomi,eng ENG,FW,19.0,0,0,,,,,,,,,Crystal-Palace
Luke Plange,eng ENG,FW,20.0,0,0,,,,,,,,,Crystal-Palace
Jadan Raymond,wls WAL,MF,19.0,0,0,,,,,,,,,Crystal-Palace
Kaden Rodney,eng ENG,DF,18.0,0,0,,,,,,,,,Crystal-Palace
Franco Umeh-Chibueze,ie IRL,MF,18.0,0,0,,,,,,,,,Crystal-Palace
Joseph Whitworth,eng ENG,GK,19.0,0,0,,,,,,,,,Crystal-Palace
Pascal Groß,de GER,"MF,DF",32.0,36,34,3114.0,4.0,10.0,6.5,8.1,0.42,5.7,13.8,Brighton-and-Hove-Albion
Lewis Dunk,eng ENG,DF,31.0,33,33,2869.0,3.0,1.0,3.1,0.9,0.12,3.1,4.0,Brighton-and-Hove-Albion
Jan Paul van Hecke,nl NED,DF,23.0,28,26,2369.0,0.0,0.0,1.2,0.9,0.08,1.2,2.1,Brighton-and-Hove-Albion
Simon Adingra,ci CIV,FW,21.0,31,25,2222.0,6.0,1.0,4.3,3.7,0.32,4.3,8.0,Brighton-and-Hove-Albion
Billy Gilmour,sct SCO,MF,22.0,30,24,2120.0,0.0,1.0,1.0,2.0,0.13,1.0,3.0,Brighton-and-Hove-Albion
Bart Verbruggen,nl NED,GK,20.0,21,21,1890.0,0.0,0.0,0.0,0.0,0.0,0.0,0.0,Brighton-and-Hove-Albion
Danny Welbeck,eng ENG,"FW,MF",32.0,29,21,1693.0,5.0,1.0,5.3,1.7,0.37,5.3,7.0,Brighton-and-Hove-Albion
João Pedro,br BRA,"FW,MF",21.0,31,19,2045.0,9.0,3.0,11.9,3.8,0.69,7.9,11.7,Brighton-and-Hove-Albion
Igor,br BRA,DF,25.0,24,17,1637.0,0.0,0.0,0.3,0.7,0.05,0.3,1.0,Brighton-and-Hove-Albion
Joël Veltman,nl NED,DF,31.0,27,17,1588.0,1.0,1.0,0.4,0.5,0.05,0.4,0.9,Brighton-and-Hove-Albion
Jason Steele,eng ENG,GK,32.0,17,17,1530.0,0.0,0.0,0.0,0.0,0.0,0.0,0.0,Brighton-and-Hove-Albion
Facundo Buonanotte,ar ARG,"FW,MF",18.0,27,17,1364.0,3.0,1.0,2.4,1.8,0.28,2.4,4.2,Brighton-and-Hove-Albion
Kaoru Mitoma,jp JPN,FW,26.0,19,15,1486.0,3.0,4.0,3.5,2.7,0.37,3.5,6.2,Brighton-and-Hove-Albion
Evan Ferguson,ie IRL,FW,18.0,27,15,1367.0,6.0,0.0,4.6,0.5,0.34,4.6,5.1,Brighton-and-Hove-Albion
Carlos Baleba,cm CMR,MF,19.0,27,15,1325.0,0.0,0.0,0.8,0.3,0.08,0.8,1.1,Brighton-and-Hove-Albion
Pervis Estupiñán,ec ECU,DF,25.0,19,15,1243.0,2.0,3.0,1.0,3.5,0.32,1.0,4.4,Brighton-and-Hove-Albion
Adam Webster,eng ENG,DF,28.0,15,13,1144.0,0.0,0.0,0.4,0.1,0.05,0.4,0.6,Brighton-and-Hove-Albion
Adam Lallana,eng ENG,"MF,FW",35.0,25,13,850.0,0.0,1.0,0.8,1.7,0.27,0.8,2.5,Brighton-and-Hove-Albion
James Milner,eng ENG,"DF,MF",37.0,15,11,773.0,0.0,2.0,0.3,1.8,0.24,0.3,2.0,Brighton-and-Hove-Albion
Tariq Lamptey,gh GHA,"DF,FW",22.0,19,10,914.0,0.0,3.0,0.4,1.2,0.16,0.4,1.7,Brighton-and-Hove-Albion
Jack Hinshelwood,eng ENG,DF,18.0,12,8,869.0,3.0,0.0,1.9,0.7,0.26,1.9,2.5,Brighton-and-Hove-Albion
Solly March,eng ENG,"FW,DF",29.0,7,7,554.0,3.0,1.0,2.0,1.0,0.47,2.0,2.9,Brighton-and-Hove-Albion
Jakub Moder,pl POL,"MF,DF",24.0,17,6,618.0,0.0,0.0,0.6,0.8,0.2,0.6,1.3,Brighton-and-Hove-Albion
Mahmoud Dahoud,de GER,MF,27.0,9,6,452.0,0.0,1.0,0.2,0.9,0.22,0.2,1.1,Brighton-and-Hove-Albion
Julio Enciso,py PAR,"MF,FW",19.0,12,5,475.0,0.0,2.0,1.4,1.7,0.59,1.4,3.2,Brighton-and-Hove-Albion
Ansu Fati,es ESP,"MF,FW",20.0,19,3,521.0,2.0,0.0,3.4,0.8,0.73,3.4,4.2,Brighton-and-Hove-Albion
Valentín Barco,ar ARG,"DF,FW",19.0,6,3,307.0,0.0,0.0,0.2,0.2,0.13,0.2,0.4,Brighton-and-Hove-Albion
Odeluga Offiah,eng ENG,DF,20.0,4,1,128.0,0.0,0.0,0.0,0.0,0.0,0.0,0.0,Brighton-and-Hove-Albion
Mark O'Mahony,ie IRL,FW,18.0,3,1,63.0,0.0,0.0,0.1,0.0,0.08,0.1,0.1,Brighton-and-Hove-Albion
Benicio Boaitey,eng ENG,"FW,DF",19.0,5,0,40.0,0.0,0.0,0.0,0.1,0.19,0.0,0.1,Brighton-and-Hove-Albion
Steven Alzate,co COL,MF,24.0,0,0,,,,,,,,,Brighton-and-Hove-Albion
Bigo Atom,de GER,DF,18.0,0,0,,,,,,,,,Brighton-and-Hove-Albion
Luca Barrington,eng ENG,MF,18.0,0,0,,,,,,,,,Brighton-and-Hove-Albion
Samy Chouchane,tn TUN,MF,19.0,0,0,,,,,,,,,Brighton-and-Hove-Albion
Josh Duffus,eng ENG,MF,18.0,0,0,,,,,,,,,Brighton-and-Hove-Albion
Ben Jackson,eng ENG,DF,19.0,0,0,,,,,,,,,Brighton-and-Hove-Albion
Leigh Kavanagh,ie IRL,DF,19.0,0,0,,,,,,,,,Brighton-and-Hove-Albion
Cameron Peupion,au AUS,MF,20.0,0,0,,,,,,,,,Brighton-and-Hove-Albion
Imari Samuels,eng ENG,DF,20.0,0,0,,,,,,,,,Brighton-and-Hove-Albion
Illia Zabarnyi,ua UKR,DF,20.0,37,37,3330.0,1.0,0.0,1.1,0.4,0.04,1.1,1.5,Bournemouth
Dominic Solanke,eng ENG,FW,25.0,38,37,3325.0,19.0,3.0,19.6,3.0,0.61,17.2,20.3,Bournemouth
Ryan Christie,sct SCO,MF,28.0,37,35,2907.0,0.0,5.0,2.3,5.4,0.24,2.3,7.7,Bournemouth
Neto,br BRA,GK,34.0,32,32,2880.0,0.0,0.0,0.0,0.0,0.0,0.0,0.0,Bournemouth
Lewis Cook,eng ENG,MF,26.0,33,32,2786.0,0.0,3.0,0.4,4.3,0.15,0.4,4.6,Bournemouth
Marcos Senesi,ar ARG,DF,26.0,31,26,2242.0,4.0,5.0,2.0,1.7,0.15,2.0,3.7,Bournemouth
Justin Kluivert,nl NED,"MF,FW",24.0,32,26,1916.0,7.0,1.0,6.2,1.9,0.38,6.2,8.1,Bournemouth
Adam Smith,eng ENG,DF,32.0,28,25,2150.0,0.0,2.0,0.1,1.3,0.06,0.1,1.4,Bournemouth
Marcus Tavernier,eng ENG,FW,24.0,30,25,2118.0,3.0,4.0,3.9,5.2,0.39,3.9,9.1,Bournemouth
Antoine Semenyo,gh GHA,FW,23.0,33,25,2105.0,8.0,2.0,4.6,3.2,0.34,4.6,7.8,Bournemouth
Milos Kerkez,hu HUN,DF,19.0,28,22,1970.0,0.0,1.0,1.2,0.8,0.09,1.2,2.0,Bournemouth
Lloyd Kelly,eng ENG,DF,24.0,23,17,1559.0,0.0,1.0,0.3,1.2,0.09,0.3,1.6,Bournemouth
Philip Billing,dk DEN,MF,27.0,29,13,1398.0,2.0,2.0,2.5,3.2,0.36,2.5,5.7,Bournemouth
Max Aarons,eng ENG,DF,23.0,20,13,1237.0,0.0,1.0,0.0,0.8,0.06,0.0,0.9,Bournemouth
Dango Ouattara,bf BFA,"FW,DF",21.0,30,12,1229.0,1.0,2.0,2.6,1.5,0.3,2.6,4.1,Bournemouth
Alex Scott,eng ENG,MF,19.0,23,11,1014.0,1.0,1.0,0.7,1.7,0.22,0.7,2.4,Bournemouth
Luis Sinisterra,co COL,"FW,MF",24.0,20,7,699.0,2.0,2.0,2.5,2.4,0.64,2.5,5.0,Bournemouth
Chris Mepham,wls WAL,DF,25.0,10,6,617.0,0.0,1.0,0.1,0.4,0.07,0.1,0.5,Bournemouth
Mark Travers,ie IRL,GK,24.0,4,4,360.0,0.0,0.0,0.0,0.0,0.0,0.0,0.0,Bournemouth
Joe Rothwell,eng ENG,MF,28.0,11,3,386.0,0.0,0.0,0.1,0.2,0.08,0.1,0.3,Bournemouth
Enes Ünal,tr TUR,"FW,MF",26.0,16,2,328.0,2.0,2.0,2.9,1.0,1.07,2.9,3.9,Bournemouth
David Brooks,wls WAL,"FW,MF",26.0,13,2,282.0,1.0,1.0,2.2,1.0,1.03,2.2,3.2,Bournemouth
Ionuț Radu,ro ROU,GK,26.0,2,2,180.0,0.0,0.0,0.0,0.0,0.0,0.0,0.0,Bournemouth
Jaidon Anthony,eng ENG,FW,23.0,3,2,152.0,0.0,0.0,0.1,0.0,0.04,0.1,0.1,Bournemouth
Tyler Adams,us USA,MF,24.0,3,1,121.0,0.0,0.0,0.0,0.1,0.06,0.0,0.1,Bournemouth
James Hill,eng ENG,DF,21.0,5,1,76.0,0.0,0.0,0.0,0.0,0.0,0.0,0.0,Bournemouth
Kieffer Moore,wls WAL,"FW,MF",30.0,8,0,108.0,1.0,0.0,1.5,0.2,1.44,1.5,1.7,Bournemouth
Hamed Junior Traorè,ci CIV,MF,23.0,3,0,47.0,0.0,0.0,0.2,0.0,0.41,0.2,0.2,Bournemouth
Romain Faivre,fr FRA,"MF,FW",25.0,5,0,41.0,0.0,0.0,0.2,0.0,0.34,0.2,0.2,Bournemouth
Dominic Sadi,eng ENG,FW,19.0,1,0,1.0,0.0,0.0,0.0,0.0,0.0,0.0,0.0,Bournemouth
Michael DaCosta,es ESP,FW,18.0,0,0,,,,,,,,,Bournemouth
Ben Greenwood,ie IRL,DF,20.0,0,0,,,,,,,,,Bournemouth
Gavin Kilkenny,ie IRL,MF,23.0,0,0,,,,,,,,,Bournemouth
Emiliano Marcondes,dk DEN,"FW,MF",28.0,0,0,,,,,,,,,Bournemouth
Callan Mckenna,sct SCO,GK,16.0,0,0,,,,,,,,,Bournemouth
Darren Randolph,ie IRL,GK,36.0,0,0,,,,,,,,,Bournemouth
Maxwell Wellings,eng ENG,DF,18.0,0,0,,,,,,,,,Bournemouth
Bernd Leno,de GER,GK,31.0,38,38,3420.0,0.0,0.0,0.0,0.0,0.0,0.0,0.0,Fulham
Antonee Robinson,us USA,DF,25.0,37,37,3265.0,0.0,6.0,0.7,4.2,0.13,0.7,4.8,Fulham
Andreas Pereira,br BRA,MF,27.0,37,34,2613.0,3.0,7.0,4.6,7.1,0.4,4.6,11.7,Fulham
João Palhinha,pt POR,MF,28.0,33,31,2699.0,4.0,1.0,3.3,0.8,0.14,3.3,4.1,Fulham
Timothy Castagne,be BEL,DF,27.0,34,29,2634.0,1.0,3.0,1.6,1.9,0.12,1.6,3.5,Fulham
Calvin Bassey,ng NGA,DF,23.0,29,25,2303.0,1.0,0.0,0.3,0.0,0.01,0.3,0.4,Fulham
Alex Iwobi,ng NGA,"FW,MF",27.0,30,25,2192.0,5.0,2.0,5.3,4.7,0.41,5.3,10.0,Fulham
Willian,br BRA,FW,34.0,31,24,2053.0,4.0,2.0,5.1,3.9,0.4,3.6,7.5,Fulham
Tosin Adarabioyo,eng ENG,DF,25.0,20,18,1617.0,2.0,0.0,0.7,0.1,0.05,0.7,0.8,Fulham
Rodrigo Muniz,br BRA,FW,22.0,26,18,1593.0,9.0,1.0,8.7,2.0,0.61,8.7,10.7,Fulham
Raúl Jiménez,mx MEX,FW,32.0,24,18,1395.0,7.0,0.0,5.2,1.5,0.43,5.2,6.6,Fulham
Tim Ream,us USA,DF,35.0,18,17,1503.0,1.0,0.0,1.0,0.0,0.06,1.0,1.0,Fulham
Bobby Reid,jm JAM,FW,30.0,33,17,1423.0,6.0,2.0,4.6,1.8,0.4,4.6,6.4,Fulham
Harry Wilson,wls WAL,FW,26.0,35,16,1620.0,4.0,6.0,3.4,3.5,0.38,3.4,6.8,Fulham
Issa Diop,fr FRA,DF,26.0,18,16,1424.0,0.0,0.0,0.3,0.0,0.02,0.3,0.3,Fulham
Harrison Reed,eng ENG,MF,28.0,27,15,1325.0,0.0,2.0,0.3,1.1,0.09,0.3,1.4,Fulham
Tom Cairney,sct SCO,MF,32.0,34,14,1488.0,1.0,4.0,1.1,2.3,0.2,1.1,3.4,Fulham
Saša Lukić,rs SRB,MF,26.0,24,13,1122.0,1.0,0.0,1.6,0.8,0.19,1.6,2.4,Fulham
Kenny Tete,nl NED,DF,27.0,14,10,867.0,1.0,0.0,0.9,0.4,0.13,0.9,1.2,Fulham
Carlos Vinícius,br BRA,FW,28.0,13,2,315.0,2.0,0.0,1.6,0.8,0.69,1.6,2.4,Fulham
Adama Traoré,es ESP,"FW,MF",27.0,17,1,377.0,2.0,3.0,1.5,0.7,0.53,1.5,2.2,Fulham
Armando Broja,al ALB,FW,21.0,8,0,88.0,0.0,1.0,0.0,0.4,0.41,0.0,0.4,Fulham
Luke Harris,wls WAL,MF,18.0,1,0,75.0,0.0,0.0,0.3,0.0,0.33,0.3,0.3,Fulham
Fodé Ballo-Touré,sn SEN,"DF,MF",26.0,6,0,71.0,0.0,0.0,0.0,0.0,0.0,0.0,0.0,Fulham
Aleksandar Mitrović,rs SRB,FW,28.0,1,0,33.0,0.0,0.0,0.2,0.0,0.44,0.2,0.2,Fulham
Marek Rodák,sk SVK,GK,26.0,0,0,,0.0,0.0,,,,,,Fulham
Luc De Fougerolles,ca CAN,DF,17.0,0,0,,,,,,,,,Fulham
Matt Dibley-Dias,nz NZL,MF,19.0,0,0,,,,,,,,,Fulham
Tyrese Francois,au AUS,MF,23.0,0,0,,,,,,,,,Fulham
Joshua King,eng ENG,MF,16.0,0,0,,,,,,,,,Fulham
Kevin Mbabu,ch SUI,DF,28.0,0,0,,,,,,,,,Fulham
Kristian Sekularac,ch SUI,MF,19.0,0,0,,,,,,,,,Fulham
Jay Stansfield,eng ENG,"FW,MF",20.0,0,0,,,,,,,,,Fulham
Devan Tanton,co COL,DF,19.0,0,0,,,,,,,,,Fulham
Max Kilman,eng ENG,DF,26.0,38,38,3420.0,2.0,0.0,1.8,1.4,0.08,1.8,3.2,Wolverhampton-Wanderers
Nélson Semedo,pt POR,"DF,MF",29.0,36,36,3084.0,0.0,1.0,1.3,1.7,0.09,1.3,3.0,Wolverhampton-Wanderers
José Sá,pt POR,GK,30.0,35,35,3037.0,0.0,1.0,0.0,0.0,0.0,0.0,0.0,Wolverhampton-Wanderers
Mario Lemina,ga GAB,MF,29.0,35,34,2968.0,4.0,1.0,4.6,1.5,0.19,4.6,6.2,Wolverhampton-Wanderers
João Gomes,br BRA,MF,22.0,34,32,2649.0,2.0,1.0,1.7,1.1,0.1,1.7,2.8,Wolverhampton-Wanderers
Toti Gomes,pt POR,DF,24.0,35,31,2772.0,1.0,3.0,1.6,1.2,0.09,1.6,2.8,Wolverhampton-Wanderers
Matheus Cunha,br BRA,"FW,MF",24.0,32,29,2440.0,12.0,7.0,9.5,3.2,0.47,8.7,11.9,Wolverhampton-Wanderers
Rayan Aït-Nouri,dz ALG,"DF,MF",22.0,33,29,2329.0,2.0,1.0,3.3,2.4,0.22,3.3,5.6,Wolverhampton-Wanderers
Craig Dawson,eng ENG,DF,33.0,25,25,2209.0,1.0,1.0,1.5,1.4,0.12,1.5,2.9,Wolverhampton-Wanderers
Hwang Hee-chan,kr KOR,"FW,MF",27.0,29,25,2119.0,12.0,3.0,7.7,3.0,0.45,6.9,9.9,Wolverhampton-Wanderers
Pablo Sarabia,es ESP,"MF,FW",31.0,30,20,1745.0,4.0,7.0,5.5,5.9,0.59,3.9,9.8,Wolverhampton-Wanderers
Pedro Neto,pt POR,"FW,MF",23.0,20,18,1516.0,2.0,9.0,3.5,4.4,0.47,3.5,7.9,Wolverhampton-Wanderers
Tommy Doyle,eng ENG,MF,21.0,26,11,1222.0,0.0,0.0,0.4,0.4,0.06,0.4,0.9,Wolverhampton-Wanderers
Jean-Ricner Bellegarde,fr FRA,"MF,FW",25.0,22,10,958.0,2.0,1.0,1.6,1.0,0.24,1.6,2.5,Wolverhampton-Wanderers
Matt Doherty,ie IRL,"DF,MF",31.0,30,9,1150.0,1.0,0.0,0.8,1.3,0.17,0.8,2.2,Wolverhampton-Wanderers
Santiago Bueno,uy URU,DF,24.0,12,9,822.0,0.0,0.0,0.0,0.1,0.01,0.0,0.1,Wolverhampton-Wanderers
Boubacar Traoré,ml MLI,MF,21.0,24,7,819.0,0.0,0.0,0.3,0.4,0.07,0.3,0.7,Wolverhampton-Wanderers
Hugo Bueno,es ESP,"DF,MF",20.0,22,7,741.0,0.0,0.0,0.3,0.8,0.13,0.3,1.0,Wolverhampton-Wanderers
Daniel Bentley,eng ENG,GK,30.0,5,3,383.0,0.0,0.0,0.0,0.0,0.0,0.0,0.0,Wolverhampton-Wanderers
Fábio Silva,pt POR,FW,21.0,8,3,264.0,0.0,0.0,1.0,0.2,0.42,1.0,1.2,Wolverhampton-Wanderers
Matheus Nunes,pt POR,MF,24.0,2,2,179.0,0.0,0.0,0.1,0.1,0.09,0.1,0.2,Wolverhampton-Wanderers
Leon Chiwome,eng ENG,FW,17.0,3,2,174.0,0.0,0.0,0.1,0.0,0.05,0.1,0.1,Wolverhampton-Wanderers
Nathan Fraser,ie IRL,FW,18.0,7,1,186.0,0.0,0.0,0.3,0.1,0.19,0.3,0.4,Wolverhampton-Wanderers
Sasa Kalajdzic,at AUT,FW,26.0,11,1,166.0,2.0,0.0,1.1,1.0,1.09,1.1,2.0,Wolverhampton-Wanderers
Tawanda Chirewa,zw ZIM,"MF,FW",19.0,8,1,145.0,0.0,0.0,0.2,0.0,0.12,0.2,0.2,Wolverhampton-Wanderers
Jonny Castro,es ESP,MF,29.0,1,0,5.0,0.0,0.0,0.0,0.0,0.0,0.0,0.0,Wolverhampton-Wanderers
Enso Gonzalez,py PAR,"MF,DF",18.0,1,0,1.0,0.0,0.0,0.0,0.0,0.0,0.0,0.0,Wolverhampton-Wanderers
Ty Barnett,eng ENG,FW,18.0,0,0,,,,,,,,,Wolverhampton-Wanderers
Harvey Griffiths,eng ENG,MF,19.0,0,0,,,,,,,,,Wolverhampton-Wanderers
Owen Hesketh,wls WAL,MF,20.0,0,0,,,,,,,,,Wolverhampton-Wanderers
Joseph Hodge,ie IRL,MF,20.0,0,0,,,,,,,,,Wolverhampton-Wanderers
Fletcher Holman,eng ENG,FW,18.0,0,0,,,,,,,,,Wolverhampton-Wanderers
Justin Hubner,id IDN,DF,19.0,0,0,,,,,,,,,Wolverhampton-Wanderers
Tom King,wls WAL,GK,28.0,0,0,,,,,,,,,Wolverhampton-Wanderers
Noha Lemina,fr FRA,FW,18.0,0,0,,,,,,,,,Wolverhampton-Wanderers
Yerson Mosquera,co COL,DF,22.0,0,0,,,,,,,,,Wolverhampton-Wanderers
Temple Ojinnaka,it ITA,MF,18.0,0,0,,,,,,,,,Wolverhampton-Wanderers
Wesley Okoduwa,eng ENG,FW,15.0,0,0,,,,,,,,,Wolverhampton-Wanderers
Matthew Whittingham,eng ENG,MF,18.0,0,0,,,,,,,,,Wolverhampton-Wanderers
Jordan Pickford,eng ENG,GK,29.0,38,38,3420.0,0.0,0.0,0.0,0.1,0.0,0.0,0.1,Everton
James Tarkowski,eng ENG,DF,30.0,38,38,3419.0,1.0,1.0,2.6,2.5,0.13,2.6,5.1,Everton
Jarrad Branthwaite,eng ENG,DF,21.0,35,35,3116.0,3.0,0.0,1.7,1.0,0.08,1.7,2.8,Everton
James Garner,eng ENG,MF,22.0,37,34,3004.0,1.0,2.0,2.7,4.6,0.22,2.7,7.3,Everton
Dwight McNeil,eng ENG,"MF,FW",23.0,35,33,2892.0,3.0,6.0,3.4,8.8,0.38,3.4,12.2,Everton
Abdoulaye Doucouré,ml MLI,"FW,MF",30.0,32,32,2629.0,7.0,1.0,8.8,2.9,0.4,8.8,11.6,Everton
Vitaliy Mykolenko,ua UKR,DF,24.0,28,28,2469.0,2.0,0.0,1.5,0.9,0.09,1.5,2.4,Everton
Ashley Young,eng ENG,"DF,MF",38.0,31,27,2280.0,0.0,0.0,0.6,1.5,0.08,0.6,2.1,Everton
Dominic Calvert-Lewin,eng ENG,FW,26.0,32,26,2171.0,7.0,2.0,12.9,3.1,0.66,11.4,14.5,Everton
Jack Harrison,eng ENG,"MF,FW",26.0,29,25,2214.0,3.0,3.0,3.6,3.4,0.28,3.6,7.0,Everton
Idrissa Gana Gueye,sn SEN,MF,33.0,25,24,1884.0,4.0,0.0,1.3,1.1,0.12,1.3,2.4,Everton
Amadou Onana,be BEL,MF,21.0,30,23,2091.0,2.0,0.0,2.0,2.7,0.2,2.0,4.7,Everton
Ben Godfrey,eng ENG,DF,25.0,15,13,1120.0,0.0,0.0,1.7,0.3,0.16,1.7,2.0,Everton
Nathan Patterson,sct SCO,DF,21.0,20,9,1005.0,0.0,2.0,0.3,1.7,0.18,0.3,2.0,Everton
Beto,gw GNB,FW,25.0,30,9,951.0,3.0,0.0,6.8,0.9,0.73,6.0,6.9,Everton
Séamus Coleman,ie IRL,DF,34.0,12,7,665.0,0.0,0.0,0.0,1.0,0.14,0.0,1.0,Everton
Arnaut Danjuma,nl NED,"MF,FW",26.0,14,5,595.0,1.0,0.0,2.6,1.1,0.57,2.6,3.7,Everton
Michael Keane,eng ENG,DF,30.0,9,4,439.0,1.0,0.0,0.7,0.0,0.14,0.7,0.7,Everton
André Gomes,pt POR,"MF,FW",30.0,12,3,508.0,1.0,0.0,0.3,0.4,0.13,0.3,0.7,Everton
Alex Iwobi,ng NGA,MF,27.0,2,2,140.0,0.0,0.0,0.3,0.2,0.35,0.3,0.5,Everton
Lewis Dobbin,eng ENG,MF,20.0,12,1,232.0,1.0,0.0,0.3,0.5,0.3,0.3,0.8,Everton
Youssef Chermiti,pt POR,FW,19.0,18,1,208.0,0.0,0.0,0.7,0.8,0.65,0.7,1.5,Everton
Neal Maupay,fr FRA,FW,26.0,2,1,111.0,0.0,0.0,1.4,0.1,1.22,1.4,1.5,Everton
Thomas Cannon,ie IRL,FW,20.0,1,0,1.0,0.0,0.0,0.0,0.0,0.0,0.0,0.0,Everton
Tyler Onyango,eng ENG,MF,20.0,1,0,1.0,0.0,0.0,0.0,0.0,0.0,0.0,0.0,Everton
Lewis Warrington,eng ENG,FW,20.0,1,0,1.0,0.0,0.0,0.0,0.0,0.0,0.0,0.0,Everton
Elijah Campbell,eng ENG,DF,18.0,0,0,,,,,,,,,Everton
William Crellin,eng ENG,GK,23.0,0,0,,,,,,,,,Everton
Mackenzie Hunt,ae UAE,DF,21.0,0,0,,,,,,,,,Everton
Andy Lonergan,ie IRL,GK,39.0,0,0,,,,,,,,,Everton
Jenson Metcalfe,eng ENG,MF,18.0,0,0,,,,,,,,,Everton
João Virgínia,pt POR,GK,23.0,0,0,,,,,,,,,Everton
Mark Flekken,nl NED,GK,30.0,37,37,3285.0,0.0,1.0,0.0,0.5,0.01,0.0,0.5,Brentford
Vitaly Janelt,de GER,"MF,DF",25.0,38,37,3054.0,1.0,3.0,1.8,4.8,0.19,1.8,6.5,Brentford
Christian Nørgaard,dk DEN,MF,29.0,31,30,2505.0,2.0,1.0,3.5,1.9,0.19,3.5,5.4,Brentford
Nathan Collins,ie IRL,DF,22.0,32,29,2652.0,1.0,1.0,1.7,2.2,0.13,1.7,3.9,Brentford
Yoane Wissa,cd COD,FW,26.0,34,29,2493.0,12.0,3.0,10.6,3.9,0.52,10.6,14.5,Brentford
Ethan Pinnock,jm JAM,DF,30.0,29,28,2521.0,2.0,0.0,2.0,1.0,0.11,2.0,3.0,Brentford
Mathias Jensen,dk DEN,MF,27.0,32,27,2204.0,3.0,3.0,0.7,4.0,0.19,0.7,4.7,Brentford
Mads Roerslev,dk DEN,DF,24.0,34,22,1985.0,1.0,2.0,0.9,1.8,0.12,0.9,2.7,Brentford
Bryan Mbeumo,cm CMR,FW,23.0,25,22,1960.0,9.0,6.0,9.8,4.6,0.66,7.4,12.1,Brentford
Kristoffer Ajer,no NOR,DF,25.0,28,21,1832.0,2.0,1.0,1.3,2.3,0.18,1.3,3.6,Brentford
Ivan Toney,eng ENG,FW,27.0,17,16,1450.0,4.0,2.0,6.0,1.5,0.46,6.0,7.4,Brentford
Keane Lewis-Potter,eng ENG,"FW,DF",22.0,30,15,1441.0,3.0,1.0,6.3,1.7,0.5,6.3,8.0,Brentford
Ben Mee,eng ENG,DF,33.0,16,15,1272.0,2.0,0.0,1.5,0.3,0.13,1.5,1.8,Brentford
Sergio Reguilón,es ESP,DF,26.0,16,14,1118.0,0.0,4.0,0.8,2.8,0.29,0.8,3.6,Brentford
Neal Maupay,fr FRA,FW,26.0,29,13,1321.0,6.0,3.0,5.7,2.3,0.55,5.7,8.1,Brentford
Mathias Jørgensen,dk DEN,DF,33.0,14,12,1087.0,1.0,0.0,0.7,0.9,0.14,0.7,1.7,Brentford
Frank Onyeka,ng NGA,MF,25.0,26,11,1161.0,1.0,2.0,2.2,1.8,0.31,2.2,4.0,Brentford
Aaron Hickey,sct SCO,DF,21.0,9,9,713.0,0.0,0.0,0.2,0.1,0.04,0.2,0.3,Brentford
Mikkel Damsgaard,dk DEN,MF,23.0,23,7,842.0,0.0,2.0,0.9,1.4,0.25,0.9,2.4,Brentford
Saman Ghoddos,ir IRN,DF,29.0,19,7,739.0,1.0,0.0,0.3,1.1,0.17,0.3,1.4,Brentford
Yehor Yarmoliuk,ua UKR,MF,19.0,27,6,688.0,0.0,0.0,1.0,0.1,0.14,1.0,1.1,Brentford
Rico Henry,eng ENG,DF,26.0,5,5,401.0,0.0,1.0,0.1,1.0,0.24,0.1,1.1,Brentford
Kevin Schade,de GER,"FW,MF",21.0,11,3,333.0,2.0,1.0,1.2,0.7,0.52,1.2,1.9,Brentford
Shandon Baptiste,gd GRN,MF,25.0,10,2,229.0,1.0,1.0,0.9,0.2,0.43,0.9,1.1,Brentford
Thomas Strakosha,al ALB,GK,28.0,2,1,135.0,0.0,0.0,0.0,0.0,0.0,0.0,0.0,Brentford
Michael Olakigbe,eng ENG,"DF,FW",19.0,8,0,59.0,0.0,0.0,0.1,0.0,0.18,0.1,0.1,Brentford
Josh Dasilva,eng ENG,"DF,FW",24.0,3,0,24.0,0.0,0.0,0.0,0.2,0.72,0.0,0.2,Brentford
Myles Peart-Harris,eng ENG,"DF,MF",20.0,3,0,13.0,0.0,0.0,0.0,0.0,0.12,0.0,0.0,Brentford
Val Adedokun,ie IRL,FW,20.0,0,0,,,,,,,,,Brentford
Vincent Angelini,sct SCO,GK,19.0,0,0,,,,,,,,,Brentford
Benjamin Arthur,eng ENG,DF,17.0,0,0,,,,,,,,,Brentford
Ellery Balcombe,eng ENG,GK,23.0,0,0,,,,,,,,,Brentford
Ethan Brierley,eng ENG,MF,19.0,0,0,,,,,,,,,Brentford
Yunus Emre Konak,tr TUR,MF,17.0,0,0,,,,,,,,,Brentford
Benjamin Fredrick,ng NGA,DF,18.0,0,0,,,,,,,,,Brentford
Charlie Goode,eng ENG,DF,27.0,0,0,,,,,,,,,Brentford
Kim Jisoo,kr KOR,DF,18.0,0,0,,,,,,,,,Brentford
Hákon Rafn Valdimarsson,is ISL,GK,21.0,0,0,,,,,,,,,Brentford
Ryan Trevitt,eng ENG,MF,20.0,0,0,,,,,,,,,Brentford
Morgan Gibbs-White,eng ENG,"MF,FW",23.0,37,35,3156.0,5.0,10.0,6.9,8.4,0.44,6.1,14.6,Nottingham-Forest
Murillo,br BRA,DF,21.0,32,32,2789.0,0.0,2.0,1.8,1.2,0.1,1.8,3.0,Nottingham-Forest
Anthony Elanga,se SWE,"FW,MF",21.0,36,25,2433.0,5.0,9.0,6.6,6.7,0.49,6.6,13.3,Nottingham-Forest
Ryan Yates,eng ENG,MF,25.0,35,21,1992.0,1.0,1.0,2.6,0.8,0.16,2.6,3.5,Nottingham-Forest
Callum Hudson-Odoi,eng ENG,"FW,MF",22.0,29,20,1854.0,8.0,1.0,2.7,2.8,0.27,2.7,5.5,Nottingham-Forest
Chris Wood,nz NZL,FW,31.0,31,20,1812.0,14.0,1.0,11.9,2.1,0.7,11.9,14.0,Nottingham-Forest
Danilo,br BRA,MF,22.0,29,20,1792.0,2.0,2.0,1.8,1.5,0.17,1.8,3.4,Nottingham-Forest
Ola Aina,ng NGA,DF,26.0,22,20,1692.0,1.0,1.0,0.3,0.9,0.06,0.3,1.2,Nottingham-Forest
Orel Mangala,be BEL,MF,25.0,20,19,1563.0,1.0,0.0,0.8,0.2,0.06,0.8,1.1,Nottingham-Forest
Nicolás Domínguez,ar ARG,"MF,FW",25.0,26,19,1495.0,2.0,2.0,1.3,1.0,0.14,1.3,2.3,Nottingham-Forest
Neco Williams,wls WAL,DF,22.0,26,18,1637.0,0.0,1.0,0.8,1.6,0.13,0.8,2.5,Nottingham-Forest
Willy Boly,ci CIV,DF,32.0,20,18,1438.0,2.0,1.0,1.5,1.3,0.18,1.5,2.8,Nottingham-Forest
Matt Turner,us USA,GK,29.0,17,17,1530.0,0.0,0.0,0.0,0.0,0.0,0.0,0.0,Nottingham-Forest
Matz Sels,be BEL,GK,31.0,16,16,1440.0,0.0,0.0,0.0,0.1,0.0,0.0,0.1,Nottingham-Forest
Moussa Niakhate,sn SEN,DF,27.0,21,15,1460.0,1.0,0.0,1.1,0.1,0.08,1.1,1.2,Nottingham-Forest
Harry Toffolo,eng ENG,DF,27.0,23,15,1459.0,1.0,3.0,1.6,1.5,0.2,1.6,3.2,Nottingham-Forest
Ibrahim Sangaré,ci CIV,MF,25.0,17,13,1035.0,0.0,0.0,0.6,0.4,0.09,0.6,1.0,Nottingham-Forest
Taiwo Awoniyi,ng NGA,FW,25.0,20,12,1042.0,6.0,3.0,4.7,1.7,0.56,4.7,6.4,Nottingham-Forest
Serge Aurier,ci CIV,"DF,MF",30.0,12,10,833.0,0.0,2.0,0.2,0.5,0.07,0.2,0.6,Nottingham-Forest
Gonzalo Montiel,ar ARG,DF,26.0,14,8,801.0,0.0,2.0,0.1,1.4,0.17,0.1,1.5,Nottingham-Forest
Andrew Omobamidele,ie IRL,DF,21.0,11,8,783.0,0.0,0.0,0.1,0.1,0.03,0.1,0.2,Nottingham-Forest
Divock Origi,be BEL,FW,28.0,20,6,606.0,0.0,1.0,1.4,2.1,0.51,1.4,3.5,Nottingham-Forest
Nuno Tavares,pt POR,DF,23.0,8,5,457.0,0.0,0.0,0.2,0.5,0.13,0.2,0.7,Nottingham-Forest
Odisseas Vlachodimos,gr GRE,GK,29.0,5,5,450.0,0.0,0.0,0.0,0.0,0.01,0.0,0.0,Nottingham-Forest
Joe Worrall,eng ENG,DF,26.0,7,5,439.0,0.0,0.0,0.1,0.2,0.06,0.1,0.3,Nottingham-Forest
Scott McKenna,sct SCO,DF,26.0,5,5,416.0,0.0,0.0,0.2,0.2,0.08,0.2,0.4,Nottingham-Forest
Felipe,br BRA,DF,34.0,7,4,375.0,0.0,0.0,0.1,0.1,0.04,0.1,0.2,Nottingham-Forest
Brennan Johnson,wls WAL,"FW,MF",22.0,3,3,237.0,0.0,0.0,0.3,0.2,0.21,0.3,0.5,Nottingham-Forest
Gio Reyna,us USA,"FW,MF",20.0,9,2,235.0,0.0,1.0,0.3,0.5,0.29,0.3,0.8,Nottingham-Forest
Cheikhou Kouyaté,sn SEN,MF,33.0,12,2,212.0,0.0,0.0,0.3,0.0,0.14,0.3,0.3,Nottingham-Forest
Rodrigo Ribeiro,pt POR,"MF,FW",18.0,4,0,17.0,0.0,0.0,0.0,0.0,0.0,0.0,0.0,Nottingham-Forest
Andrey Santos,br BRA,MF,19.0,1,0,8.0,0.0,0.0,0.1,0.0,0.64,0.1,0.1,Nottingham-Forest
Brandon Aguilera,cr CRC,FW,20.0,1,0,5.0,0.0,0.0,0.0,0.0,0.0,0.0,0.0,Nottingham-Forest
Remo Freuler,ch SUI,MF,31.0,0,0,,,,,,,,,Nottingham-Forest
Joe Gardner,eng ENG,DF,18.0,0,0,,,,,,,,,Nottingham-Forest
Wayne Hennessey,wls WAL,GK,36.0,0,0,,,,,,,,,Nottingham-Forest
Ethan Horvath,us USA,GK,28.0,0,0,,,,,,,,,Nottingham-Forest
Jamie McDonnell,nir NIR,MF,19.0,0,0,,,,,,,,,Nottingham-Forest
Lewis O'Brien,eng ENG,MF,24.0,0,0,,,,,,,,,Nottingham-Forest
Detlef Osong,eng ENG,FW,18.0,0,0,,,,,,,,,Nottingham-Forest
Hwang Ui-jo,kr KOR,"FW,MF",30.0,0,0,,,,,,,,,Nottingham-Forest
Thomas Kaminski,be BEL,GK,30.0,38,38,3405.0,0.0,0.0,0.0,0.0,0.0,0.0,0.0,Luton-Town
Alfie Doughty,eng ENG,DF,23.0,37,34,2925.0,2.0,8.0,1.3,6.3,0.23,1.3,7.6,Luton-Town
Carlton Morris,eng ENG,"FW,MF",27.0,38,32,2862.0,11.0,4.0,11.4,2.8,0.45,7.5,10.2,Luton-Town
Ross Barkley,eng ENG,MF,29.0,32,30,2618.0,5.0,4.0,4.1,3.7,0.27,4.1,7.9,Luton-Town
Teden Mengi,eng ENG,DF,21.0,30,28,2469.0,1.0,0.0,0.6,0.3,0.03,0.6,0.9,Luton-Town
Gabriel Osho,ng NGA,DF,24.0,21,21,1846.0,2.0,0.0,1.1,0.1,0.06,1.1,1.2,Luton-Town
Issa Kaboré,bf BFA,DF,22.0,24,21,1729.0,0.0,2.0,0.2,2.1,0.12,0.2,2.3,Luton-Town
Amari'i Bell,jm JAM,DF,29.0,21,21,1720.0,0.0,0.0,0.3,0.5,0.04,0.3,0.7,Luton-Town
Chiedozie Ogbene,ie IRL,"MF,DF",26.0,30,20,1995.0,4.0,1.0,4.2,3.1,0.33,4.2,7.4,Luton-Town
Tahith Chong,nl NED,"MF,FW",23.0,33,20,1982.0,4.0,0.0,2.7,0.5,0.15,2.7,3.2,Luton-Town
Reece Burke,eng ENG,DF,26.0,22,20,1660.0,0.0,4.0,1.3,1.4,0.15,1.3,2.7,Luton-Town
Elijah Adebayo,eng ENG,FW,25.0,27,16,1419.0,10.0,0.0,5.9,0.7,0.42,5.9,6.6,Luton-Town
Albert Sambi Lokonga,be BEL,MF,23.0,17,16,1303.0,1.0,3.0,0.6,1.4,0.14,0.6,2.0,Luton-Town
Jordan Clark,eng ENG,MF,29.0,23,14,1304.0,1.0,1.0,1.0,1.3,0.16,1.0,2.2,Luton-Town
Andros Townsend,eng ENG,"MF,FW",32.0,27,14,1210.0,1.0,3.0,1.2,1.3,0.19,1.2,2.5,Luton-Town
Tom Lockyer,wls WAL,DF,28.0,14,14,1169.0,1.0,1.0,1.1,0.6,0.13,1.1,1.7,Luton-Town
Marvelous Nakamba,zw ZIM,MF,29.0,13,13,1130.0,0.0,0.0,0.2,0.4,0.05,0.2,0.6,Luton-Town
Jacob Brown,sct SCO,"MF,FW",25.0,19,12,1019.0,2.0,0.0,2.8,0.7,0.3,2.8,3.4,Luton-Town
Pelly Ruddock Mpanzu,cd COD,MF,30.0,27,11,1101.0,0.0,0.0,0.6,0.4,0.09,0.6,1.1,Luton-Town
Daiki Hashioka,jp JPN,DF,24.0,10,6,595.0,0.0,0.0,0.1,0.7,0.12,0.1,0.8,Luton-Town
Ryan John Giles,eng ENG,"DF,MF",23.0,11,5,503.0,0.0,0.0,0.1,0.2,0.06,0.1,0.3,Luton-Town
Fred Onyedinma,eng ENG,"DF,MF",26.0,8,4,407.0,0.0,0.0,0.2,0.1,0.06,0.2,0.3,Luton-Town
Mads Juel Andersen,dk DEN,DF,25.0,8,4,400.0,1.0,0.0,0.3,0.0,0.06,0.3,0.3,Luton-Town
Cauley Woodrow,eng ENG,"FW,MF",28.0,24,2,427.0,1.0,1.0,1.4,1.2,0.55,1.4,2.6,Luton-Town
Luke Berry,eng ENG,"MF,DF",31.0,17,2,323.0,2.0,1.0,1.0,0.3,0.35,1.0,1.3,Luton-Town
Joseph Johnson,eng ENG,DF,17.0,2,0,77.0,0.0,0.0,0.0,0.0,0.0,0.0,0.0,Luton-Town
James Shea,eng ENG,GK,32.0,1,0,15.0,0.0,0.0,0.0,0.0,0.0,0.0,0.0,Luton-Town
Zack Nelson,eng ENG,"MF,DF",18.0,2,0,7.0,0.0,0.0,0.0,0.0,0.0,0.0,0.0,Luton-Town
Allan Campbell,sct SCO,MF,25.0,0,0,,,,,,,,,Luton-Town
Christian Chigozie,eng ENG,DF,16.0,0,0,,,,,,,,,Luton-Town
Aidan Francis,eng ENG,DF,19.0,0,0,,,,,,,,,Luton-Town
Taylan Harris,eng ENG,FW,17.0,0,0,,,,,,,,,Luton-Town
Tim Krul,nl NED,GK,35.0,0,0,,,,,,,,,Luton-Town
Jayden Luker,eng ENG,MF,18.0,0,0,,,,,,,,,Luton-Town
Dominic Martins,pt POR,MF,17.0,0,0,,,,,,,,,Luton-Town
John Mcatee,eng ENG,"FW,MF",24.0,0,0,,,,,,,,,Luton-Town
Axel Piesold,eng ENG,MF,18.0,0,0,,,,,,,,,Luton-Town
Dan Potts,eng ENG,DF,29.0,0,0,,,,,,,,,Luton-Town
Sander Berge,no NOR,MF,25.0,37,34,3005.0,1.0,2.0,1.9,2.4,0.13,1.9,4.3,Burnley
Dara O'Shea,ie IRL,DF,24.0,33,32,2892.0,3.0,4.0,0.7,2.0,0.08,0.7,2.7,Burnley
James Trafford,eng ENG,GK,20.0,28,28,2520.0,0.0,0.0,0.0,0.0,0.0,0.0,0.0,Burnley
Zeki Amdouni,ch SUI,FW,22.0,34,27,1953.0,5.0,1.0,5.8,1.4,0.33,5.0,6.5,Burnley
Vitinho,br BRA,"DF,MF",24.0,32,26,2314.0,0.0,2.0,1.6,1.3,0.11,1.6,2.9,Burnley
Charlie Taylor,eng ENG,DF,29.0,28,25,2331.0,1.0,1.0,0.2,1.2,0.06,0.2,1.5,Burnley
Wilson Odobert,fr FRA,"MF,FW",18.0,29,25,2098.0,3.0,2.0,2.8,3.3,0.26,2.8,6.1,Burnley
Josh Brownhill,eng ENG,MF,27.0,33,23,2252.0,4.0,2.0,1.9,2.1,0.16,1.9,4.0,Burnley
Josh Cullen,ie IRL,MF,27.0,25,23,2057.0,2.0,3.0,0.6,1.8,0.11,0.6,2.4,Burnley
Lyle Foster,za RSA,"FW,MF",22.0,24,22,1899.0,5.0,3.0,4.5,1.9,0.3,4.5,6.4,Burnley
Jacob Bruun Larsen,dk DEN,"MF,FW",24.0,32,16,1249.0,6.0,0.0,5.0,1.5,0.46,4.2,5.7,Burnley
Maxime Estève,fr FRA,DF,21.0,16,15,1309.0,0.0,0.0,0.3,0.0,0.02,0.3,0.3,Burnley
Lorenz Assignon,tg TOG,DF,23.0,15,15,1234.0,1.0,2.0,0.4,2.6,0.22,0.4,3.0,Burnley
Jordan Beyer,de GER,DF,23.0,15,15,1234.0,0.0,1.0,0.5,0.3,0.06,0.5,0.8,Burnley
Luca Koleosho,it ITA,"MF,FW",18.0,15,13,974.0,1.0,1.0,2.0,1.3,0.3,2.0,3.3,Burnley
Jóhann Berg Guðmundsson,is ISL,"MF,FW",32.0,26,12,1192.0,1.0,3.0,1.9,2.7,0.34,1.9,4.5,Burnley
Ameen Al-Dakhil,be BEL,DF,21.0,13,12,1056.0,1.0,0.0,1.3,0.1,0.12,1.3,1.4,Burnley
Arijanet Muric,xk KVX,GK,24.0,10,10,900.0,0.0,0.0,0.0,0.2,0.02,0.0,0.2,Burnley
David Datro Fofana,ci CIV,FW,20.0,15,10,879.0,4.0,1.0,4.5,1.8,0.65,4.5,6.4,Burnley
Connor Roberts,wls WAL,DF,27.0,14,8,823.0,0.0,1.0,0.0,0.2,0.02,0.0,0.2,Burnley
Jay Rodriguez,eng ENG,FW,34.0,21,7,822.0,2.0,1.0,3.5,0.2,0.4,2.7,2.9,Burnley
Hannes Delcroix,be BEL,DF,24.0,12,5,589.0,0.0,0.0,0.4,0.2,0.09,0.4,0.6,Burnley
Aaron Ramsey,eng ENG,"MF,FW",20.0,14,5,527.0,0.0,0.0,0.3,0.4,0.13,0.3,0.7,Burnley
Hjalmar Ekdal,se SWE,DF,24.0,8,5,437.0,0.0,0.0,0.1,0.1,0.03,0.1,0.1,Burnley
Mike Trésor,be BEL,"FW,MF",24.0,16,3,420.0,0.0,0.0,0.5,0.4,0.18,0.5,0.9,Burnley
Anass Zaroury,ma MAR,"FW,MF",22.0,6,1,152.0,0.0,0.0,0.2,0.0,0.12,0.2,0.2,Burnley
Benson Manuel,ao ANG,"MF,FW",26.0,8,1,116.0,0.0,0.0,0.1,0.0,0.08,0.1,0.1,Burnley
Nathan Redmond,eng ENG,"FW,MF",29.0,12,0,142.0,0.0,0.0,0.0,0.3,0.19,0.0,0.3,Burnley
Jack Cork,eng ENG,MF,34.0,4,0,27.0,0.0,0.0,0.0,0.0,0.0,0.0,0.0,Burnley
Michael Obafemi,ie IRL,"FW,MF",23.0,2,0,20.0,0.0,0.0,0.1,0.0,0.4,0.1,0.1,Burnley
Han-Noah Massengo,fr FRA,"MF,DF",22.0,3,0,16.0,0.0,0.0,0.0,0.0,0.0,0.0,0.0,Burnley
CJ Egan-Riley,eng ENG,DF,20.0,0,0,,,,,,,,,Burnley
Lawrence Vigouroux,cl CHI,GK,29.0,0,0,,,,,,,,,Burnley
Gustavo Hamer,nl NED,MF,26.0,36,34,2910.0,4.0,6.0,3.0,6.1,0.28,3.0,9.1,Sheffield-United
Jayden Bogle,eng ENG,DF,23.0,34,32,2788.0,3.0,0.0,2.3,1.0,0.11,2.3,3.3,Sheffield-United
Jack Robinson,eng ENG,DF,29.0,34,31,2885.0,1.0,1.0,1.2,1.2,0.08,1.2,2.4,Sheffield-United
Vinicius Souza,br BRA,MF,24.0,36,29,2668.0,1.0,0.0,0.6,0.2,0.03,0.6,0.8,Sheffield-United
Anel Ahmedhodžić,ba BIH,DF,24.0,31,29,2649.0,2.0,0.0,3.1,0.8,0.14,3.1,4.0,Sheffield-United
Wes Foderingham,eng ENG,GK,32.0,30,29,2649.0,0.0,0.0,0.0,0.1,0.0,0.0,0.1,Sheffield-United
Auston Trusty,us USA,DF,24.0,32,28,2572.0,0.0,0.0,0.4,1.1,0.05,0.4,1.5,Sheffield-United
Cameron Archer,eng ENG,"FW,MF",22.0,29,21,1832.0,4.0,1.0,5.5,2.8,0.41,5.5,8.3,Sheffield-United
James Mcatee,eng ENG,"MF,FW",20.0,30,20,1822.0,3.0,3.0,3.1,2.9,0.3,2.3,5.2,Sheffield-United
Oliver Norwood,nir NIR,MF,32.0,27,16,1440.0,1.0,0.0,1.1,0.6,0.11,0.3,0.9,Sheffield-United
Oliver McBurnie,sct SCO,FW,27.0,21,15,1280.0,6.0,3.0,6.9,2.0,0.62,5.3,7.3,Sheffield-United
Ben Osborn,eng ENG,"DF,MF",28.0,24,14,1367.0,0.0,2.0,0.2,0.9,0.07,0.2,1.1,Sheffield-United
Ben Brereton,cl CHI,"FW,MF",24.0,14,14,1105.0,6.0,1.0,6.1,1.5,0.61,5.3,6.7,Sheffield-United
Andre Brooks,eng ENG,"MF,DF",19.0,20,12,938.0,0.0,0.0,0.4,0.1,0.05,0.4,0.5,Sheffield-United
George Baldock,gr GRE,DF,30.0,13,11,969.0,0.0,1.0,0.0,0.8,0.08,0.0,0.8,Sheffield-United
Oliver Arblaster,eng ENG,MF,19.0,12,11,943.0,0.0,0.0,0.0,0.7,0.07,0.0,0.8,Sheffield-United
Luke Thomas,eng ENG,DF,22.0,12,11,917.0,0.0,0.0,0.5,0.1,0.06,0.5,0.6,Sheffield-United
William Osula,dk DEN,FW,19.0,21,9,786.0,0.0,0.0,1.6,0.1,0.2,1.6,1.7,Sheffield-United
Ivo Grbić,hr CRO,GK,27.0,9,9,771.0,0.0,0.0,0.0,0.0,0.0,0.0,0.0,Sheffield-United
Mason Holgate,eng ENG,DF,26.0,10,9,710.0,0.0,0.0,0.6,0.4,0.13,0.6,1.1,Sheffield-United
Yasser Larouci,dz ALG,DF,22.0,11,6,531.0,0.0,0.0,0.2,0.3,0.09,0.2,0.5,Sheffield-United
John Egan,ie IRL,DF,30.0,6,6,482.0,0.0,0.0,0.2,0.0,0.03,0.2,0.2,Sheffield-United
Max Lowe,eng ENG,"DF,MF",26.0,10,4,503.0,0.0,0.0,0.6,0.7,0.23,0.6,1.3,Sheffield-United
Anis Ben Slimane,tn TUN,MF,22.0,15,4,419.0,0.0,0.0,0.8,0.3,0.23,0.8,1.1,Sheffield-United
Bénie Adama Traore,ci CIV,"FW,MF",20.0,8,3,387.0,0.0,0.0,0.3,0.5,0.19,0.3,0.8,Sheffield-United
Rhian Brewster,eng ENG,"FW,MF",23.0,13,3,346.0,0.0,0.0,0.4,0.1,0.12,0.4,0.5,Sheffield-United
Chris Basham,eng ENG,"DF,MF",35.0,8,3,321.0,0.0,0.0,0.1,0.3,0.1,0.1,0.4,Sheffield-United
Tom Davies,eng ENG,MF,25.0,9,2,221.0,0.0,0.0,0.4,0.1,0.17,0.4,0.4,Sheffield-United
Rhys Norrington-Davies,wls WAL,DF,24.0,5,2,110.0,0.0,0.0,0.0,0.0,0.01,0.0,0.0,Sheffield-United
John Fleck,sct SCO,"MF,DF",31.0,4,1,92.0,0.0,0.0,0.0,0.4,0.44,0.0,0.4,Sheffield-United
Sam Curtis,ie IRL,DF,17.0,1,0,28.0,0.0,0.0,0.0,0.0,0.0,0.0,0.0,Sheffield-United
Daniel Jebbison,eng ENG,FW,19.0,1,0,21.0,0.0,0.0,0.0,0.0,0.0,0.0,0.0,Sheffield-United
Antwoine Hackford,eng ENG,FW,19.0,2,0,13.0,0.0,0.0,0.0,0.0,0.0,0.0,0.0,Sheffield-United
Sydie Peck,eng ENG,MF,18.0,1,0,10.0,0.0,0.0,0.0,0.0,0.0,0.0,0.0,Sheffield-United
Ryan One,sct SCO,FW,17.0,1,0,8.0,0.0,0.0,0.0,0.0,0.0,0.0,0.0,Sheffield-United
Jordan Amissah,gh GHA,GK,21.0,0,0,,,,,,,,,Sheffield-United
Billy Blacker,eng ENG,FW,17.0,0,0,,,,,,,,,Sheffield-United
Jili Buyabu,eng ENG,MF,21.0,0,0,,,,,,,,,Sheffield-United
Ismaila Cheick Coulibaly,ml MLI,MF,22.0,0,0,,,,,,,,,Sheffield-United
Adam Davies,wls WAL,GK,31.0,0,0,,,,,,,,,Sheffield-United
Owen Hampson,eng ENG,MF,18.0,0,0,,,,,,,,,Sheffield-United
Louie Marsh,eng ENG,FW,19.0,0,0,,,,,,,,,Sheffield-United
Dovydas Sasnauskas,,DF,,0,0,,,,,,,,,Sheffield-United
Femi Seriki,eng ENG,DF,21.0,0,0,,,,,,,,,Sheffield-United
